SEMANA,FECHA DE PROCESO,CODIGO,EAN,LÍNEA PRODUCCION,"DESCRIPCIÓN
ARTÍCULO",KILOGRAMOS EN PIE,KILOGRAMOS PROCESADOS,CANTIDAD DE CERDOS,UNIDADES CON DEFECTOS PROCESO,DEFECTOS PROCESO,UNIDADES CON DEFECTOS GRANJA,DEFECTOS GRANJA,ESTÁNDAR,RENDIMIENTO DE LÍNEA,PESO PROMEDIO EN PIE,PESO PROMEDIO PROCESADO,%CALIDAD,CANTIDAD DE PERSONAL,HORA DE INICIO,HORA DE FIN,HORA DE INICIO PARA,HORA DE FIN PARA,MOTIVOS DE PARADAS,HORAS DE PARAS NO PLANIFICADAS,HORAS DE PARAS PLANIFICADAS,HORAS PROGRAMADAS,HORAS PRODUCTIVAS,VARIACIÓN DE HORAS EN PRODUCCIÓN,UNIDADES/HORA,KILOS/HORA/HOMBRE,%DISPONIBILIDAD,%RENDIMIENTO,OEE
5,26/1/2026,PPRO000099,5470,MOLINOS CHAMPION S.F,PP CANAL DE CERDO EVISCERADO,"6235,4","4670,52",60,10,,,,42,"74,90%","103,9233333","77,842","83,33%",34,7:20:00 a. m.,9:23:00 a. m.,,,,0,,"1,428571429","2,05","0,62",29,"67,01","56,50%","69,69%","32,81%"
5,26/1/2026,PPRO000099,274,ENGORDE,PP CANAL DE CERDO EVISCERADO,"16538,2","13411,8",142,15,,,,40,"81,10%","116,4661972","94,44929577","89,44%",34,8:50:00 a. m.,12:15:00 p. m.,,,,0,1,"3,55","2,42","0,00",59,"163,23","100,00%","100,00%","89,44%"
5,26/1/2026,PPRO000209,,REPRODUCTORA,PP CANAL DE CERDO EVISCERADO,"4108,2","3165,1",19,1,,,,10,"77,04%","216,2210526","166,5842105","94,74%",34,1:10:00 p. m.,3:05:00 p. m.,,,,0,,"1,9","1,92","0,02",10,"48,57","99,12%","99,13%","93,09%"
5,27/1/2026,PPRO000099,5470,MOLINOS CHAMPION S.F,PP CANAL DE CERDO EVISCERADO,"5918,65","4432,25",60,11,,,,42,"74,89%","98,64416667","73,87083333","81,67%",37,7:00:00 a. m.,8:58:00 a. m.,,,,0,,"1,428571429","1,97","0,54",31,"60,91","62,33%","72,64%","36,98%"
5,27/1/2026,PPRO000099,274,ENGORDE,PP CANAL DE CERDO EVISCERADO,"27711,45","22635,9",240,20,,,,40,"81,68%","115,464375","94,31625","91,67%",37,8:30:00 a. m.,2:45:00 p. m.,,,,0,1,6,"5,25","0,00",46,"116,53","100,00%","100,00%","91,67%"
5,28/1/2026,PPRO000099,5470,MOLINOS CHAMPION S.F,PP CANAL DE CERDO EVISCERADO,"6367,2","4916,65",60,13,,,,42,"77,22%","106,12","81,94416667","78,33%",36,7:00:00 a. m.,8:55:00 a. m.,,,,0,,"1,428571429","1,92","0,49",31,"71,26","65,83%","74,53%","38,44%"
5,28/1/2026,PPRO000099,274,ENGORDE,PP CANAL DE CERDO EVISCERADO,"28311,15","22860,4",240,25,,,,40,"80,75%","117,963125","95,25166667","89,58%",36,8:25:00 a. m.,3:34:00 p. m.,,,,0,1,6,"6,15","0,15",39,"103,25","97,50%","97,56%","85,21%"
5,28/1/2026,PPRO000099,,DESCARTES,PP CANAL DE CERDO EVISCERADO,"1171,75","847,9",45,25,,,,40,"72,36%","26,03888889","18,84222222","44,44%",36,2:50:00 p. m.,4:10:00 p. m.,,,,0,,"1,125","1,33","0,21",34,"17,66","81,48%","84,38%","30,56%"
5,29/1/2026,PPRO000099,274,ENGORDE,PP CANAL DE CERDO EVISCERADO,"34524,55","27933,05",290,27,,,,40,"80,91%","119,0501724","96,32086207","90,69%",38,7:00:00 a. m.,2:30:00 p. m.,,,,0,1,"7,25","6,50","0,00",45,"113,09","100,00%","100,00%","90,69%"
5,30/1/2026,PPRO000099,274,ENGORDE,PP CANAL DE CERDO EVISCERADO,"15580,2","12704,65",135,21,,,,40,"81,54%","115,4088889","94,10851852","84,44%",33,7:00:00 a. m.,10:19:00 a. m.,,,,0,,"3,375","3,32","0,00",41,"116,08","100,00%","100,00%","84,44%"
5,30/1/2026,PPRO000099,,BAJO PESO,PP CANAL DE CERDO EVISCERADO,"12666,9","9559,05",186,35,,,,40,"75,46%","68,1016129","51,39274194","81,18%",35,9:55:00 a. m.,4:20:00 p. m.,,,,0,1,"4,65","5,42","0,77",34,"50,42","83,51%","85,85%","58,20%"
6,2/2/2026,PPRO000099,5470,MOLINOS CHAMPION S.F,PP CANAL DE CERDO EVISCERADO,"5966,3","4514,15",60,13,,,,42,"75,66%","99,43833333","75,23583333","78,33%",36,7:15:00 a. m.,9:10:00 a. m.,,,,0,,"1,428571429","1,92","0,49",31,"65,42","65,83%","74,53%","38,44%"
6,2/2/2026,PPRO000099,274,ENGORDE,PP CANAL DE CERDO EVISCERADO,"27660,7","22521,4",242,33,,,,40,"81,42%","114,3004132","93,06363636","86,36%",36,8:41:00 a. m.,4:00:00 p. m.,,,,0,1,"6,05","6,32","0,27",38,"99,04","95,59%","95,78%","79,07%"
6,2/2/2026,PPRO000209,,REPRODUCTORA,PP CANAL DE CERDO EVISCERADO,"3800,5","2965,55",16,4,,,,10,"78,03%","237,53125","185,346875","75,00%",36,3:25:00 p. m.,5:10:00 p. m.,,,,0,,"1,6","1,75","0,15",9,"47,07","90,63%","91,43%","62,14%"
6,3/2/2026,PPRO000099,5470,MOLINOS CHAMPION S.F,PP CANAL DE CERDO EVISCERADO,"6556,3","5065,7",60,23,,,,42,"77,26%","109,2716667","84,42833333","61,67%",31,8:15:00 a. m.,3:27:00 p. m.,,,,0,1,"1,428571429","6,20","4,77",10,"26,36","0,00%","23,04%","0,00%"
6,3/2/2026,PPRO000099,274,ENGORDE,PP CANAL DE CERDO EVISCERADO,"29068,9","23546,9",241,35,,,,40,"81,00%","120,6178423","97,70497925","85,48%",31,3:35:00 p. m.,5:00:00 p. m.,,,,0,,"6,025","1,42","0,00",170,"536,17","100,00%","100,00%","85,48%"
6,3/2/2026,PPRO000099,,BAJO PESO,PP CANAL DE CERDO EVISCERADO,"4243,15","3220,05",60,45,,,,40,"75,89%","70,71916667","53,6675","25,00%",31,3:35:00 p. m.,5:00:00 p. m.,,,,0,,"1,5","1,42","0,00",42,"73,32","100,00%","100,00%","25,00%"
6,4/2/2026,PPRO000099,,MOLINOS CHAMPION S.F,PP CANAL DE CERDO EVISCERADO,"6431,8","4890,9",60,12,,,,42,"76,04%","107,1966667","81,515","80,00%",32,7:00:00 a. m.,9:05:00 a. m.,,,,0,,"1,428571429","2,08","0,65",29,"73,36","54,17%","68,57%","29,71%"
6,4/2/2026,PPRO000099,,ENGORDE,PP CANAL DE CERDO EVISCERADO,"27419,35","22146,3",240,43,,,,40,"80,77%","114,2472917","92,27625","82,08%",32,8:40:00 a. m.,2:40:00 p. m.,,,,0,1,6,"5,00","0,00",48,"138,41","100,00%","100,00%","82,08%"
6,4/2/2026,PPRO000099,,BAJO PESO,PP CANAL DE CERDO EVISCERADO,"4860,95","3672,4",70,55,,,,40,"75,55%","69,44214286","52,46285714","21,43%",32,2:40:00 p. m.,4:05:00 p. m.,,,,0,,"1,75","1,42","0,00",49,"81,01","100,00%","100,00%","21,43%"
6,5/2/2026,PPRO000099,274,ENGORDE,PP CANAL DE CERDO EVISCERADO,"23660,3","19091,3",210,59,,,,40,"80,69%","112,6680952","90,91095238","71,90%",32,7:10:00 a. m.,11:00:00 a. m.,,,,0,,"5,25","3,83","0,00",55,"155,64","100,00%","100,00%","71,90%"
6,5/2/2026,PPRO000099,,BAJO PESO,PP CANAL DE CERDO EVISCERADO,"18144,45","13966,95",240,200,,,,40,"76,98%","75,601875","58,195625","16,67%",32,12:30:00 p. m.,7:00:00 p. m.,,,,0,,6,"6,50","0,50",37,"67,15","91,67%","92,31%","14,10%"
6,6/2/2026,PPRO000099,274,ENGORDE,PP CANAL DE CERDO EVISCERADO,"10843,9","8849,15",100,56,,,,40,"81,60%","108,439","88,4915","44,00%",30,3:10:00 p. m.,5:47:00 p. m.,,,,0,1,"2,5","1,62","0,00",62,"182,46","100,00%","100,00%","44,00%"
6,7/2/2026,PPRO000099,,BAJO PESO,PP CANAL DE CERDO EVISCERADO,"18061,5","14354,15",209,150,,,,40,"79,47%","86,41866029","68,68014354","28,23%",39,7:30:00 a. m.,1:09:00 p. m.,,,,0,,"5,225","5,65","0,43",37,"65,14","91,87%","92,48%","23,98%"
7,9/2/2026,PPRO000099,5470,MOLINOS CHAMPION S.F,PP CANAL DE CERDO EVISCERADO,"6247,9","4663,8",60,,,,,42,"74,65%","104,1316667","77,73","100,00%",38,7:00:00 a. m.,8:50:00 a. m.,,,,0,,"1,428571429","1,83","0,40",33,"66,94","71,67%","77,92%","55,84%"
7,9/2/2026,PPRO000099,274,ENGORDE,PP CANAL DE CERDO EVISCERADO,"21099,3","17124,75",180,,,,,40,"81,16%","117,2183333","95,1375","100,00%",38,8:15:00 a. m.,3:13:00 p. m.,,,,0,1,"4,5","5,97","1,47",30,"75,53","67,41%","75,42%","50,84%"
7,9/2/2026,PPRO000099,,BAJO PESO,PP CANAL DE CERDO EVISCERADO,"5973,25","4606,85",69,,,,,40,"77,12%","86,56884058","66,76594203","100,00%",38,8:15:00 a. m.,3:13:00 p. m.,,,,0,,"1,725","6,97","5,24",10,"17,4","0,00%","24,76%","0,00%"
7,10/2/2026,PPRO000099,5470,MOLINOS CHAMPION S.F,PP CANAL DE CERDO EVISCERADO,"6812,65","5303,5",60,,,,,42,"77,85%","113,5441667","88,39166667","100,00%",36,7:00:00 a. m.,8:55:00 a. m.,,,,0,,"1,428571429","1,92","0,49",31,"76,86","65,83%","74,53%","49,07%"
7,10/2/2026,PPRO000099,274,ENGORDE,PP CANAL DE CERDO EVISCERADO,"22614,15","18372,35",203,,,,,40,"81,24%","111,3997537","90,50418719","100,00%",36,8:25:00 a. m.,6:10:00 p. m.,,,,0,1,"5,075","8,75","3,68",23,"58,32","27,59%","58,00%","16,00%"
7,10/2/2026,PPRO000209,,REPRODUCTORA,PP CANAL CERDO EVISCERADO REPRODUCTOR/A,"3726,45","2866,9",17,,,,,10,"76,93%","219,2029412","168,6411765","100,00%",36,3:35:00 p. m.,5:20:00 p. m.,,,,0,,"1,7","1,75","0,05",10,"45,51","97,06%","97,14%","94,29%"
7,10/2/2026,PPRO000099,,BAJO PESO,PP CANAL DE CERDO EVISCERADO,"10866,45","8702,85",115,,,,,40,"80,09%","94,49086957","75,67695652","100,00%",36,3:35:00 p. m.,5:20:00 p. m.,,,,0,,"2,875","1,75","0,00",66,"138,14","100,00%","100,00%","100,00%"
7,11/2/2026,PPRO000099,5470,MOLINOS CHAMPION S.F,PP CANAL DE CERDO EVISCERADO,"6848,85","5287,2",60,,,,,42,"77,20%","114,1475","88,12","100,00%",36,7:10:00 a. m.,9:05:00 a. m.,,,,0,,"1,428571429","1,92","0,49",31,"76,63","65,83%","74,53%","49,07%"
7,11/2/2026,PPRO000099,274,ENGORDE,PP CANAL DE CERDO EVISCERADO,"23914,05","19320,65",216,,,,,40,"80,79%","110,7131944","89,4474537","100,00%",36,8:35:00 a. m.,5:10:00 p. m.,,,,0,1,"5,4","7,58","2,18",28,"70,77","59,57%","71,21%","42,42%"
7,11/2/2026,PPRO000099,,BAJO PESO,PP CANAL DE CERDO EVISCERADO,"10783,05","8492,45",112,,,,,40,"78,76%","96,27723214","75,82544643","100,00%",36,2:20:00 p. m.,5:40:00 p. m.,,,,0,,"2,8","3,33","0,53",34,"70,77","80,95%","84,00%","68,00%"
7,12/2/2026,PPRO000099,274,ENGORDE,PP CANAL DE CERDO EVISCERADO,"22827,1","18262,25",210,,,,,40,"80,00%","108,7004762","86,96309524","100,00%",35,7:00,16:55,,,,0,1,"5,25","8,92","3,67",24,"58,52","30,16%","58,88%","17,76%"
7,12/2/2026,PPRO000099,,BAJO PESO,PP CANAL DE CERDO EVISCERADO,"15591,25","12223,9",160,,,,,40,"78,40%","97,4453125","76,399375","100,00%",35,7:00,16:55,,,,0,,4,"9,92","5,92",16,"35,22","0,00%","40,34%","0,00%"
7,13/2/2026,PPRO000099,274,ENGORDE,PP CANAL DE CERDO EVISCERADO,"11023,45","8791,9",105,,,,,40,"79,76%","104,9852381","83,73238095","100,00%",30,14:00,16:50,,,,0,,"2,625","2,83","0,21",37,"103,43","92,06%","92,65%","85,29%"
7,14/2/2026,PPRO000099,,BAJO PESO,PP CANAL DE CERDO EVISCERADO,"23000,4","18030,25",223,,,,,40,"78,39%","103,1408072","80,85313901","100,00%",35,6:16,11:46,,,,0,,"5,575","5,50","0,00",41,"93,66","100,00%","100,00%","100,00%"
7,14/2/2026,PPRO000209,,REPRODUCTORA,PP CANAL CERDO EVISCERADO REPRODUCTOR/A,"3994,1","3032,3",17,,,,,10,"75,92%","234,9470588","178,3705882","100,00%",35,11:15,13:00,,,,0,,"1,7","1,75","0,05",10,"49,51","97,06%","97,14%","94,29%"
8,17/2/2026,PPRO000099,5470,MOLINOS CHAMPION S.F,PP CANAL DE CERDO EVISCERADO,"6758,75","5237,05",60,,,,,42,"77,49%","112,6458333","87,28416667","100,00%",35,7:15,9:21,,,,0,,"1,428571429","2,10","0,67",29,"71,25","53,00%","68,03%","36,05%"
8,17/2/2026,PPRO000099,274,ENGORDE,PP CANAL DE CERDO EVISCERADO,"27916,2","22415,95",260,,,,,40,"80,30%","107,37","86,21519231","100,00%",35,8:45,16:00,,,,0,1,"6,5","6,25","0,00",42,"102,47","100,00%","100,00%","100,00%"
8,18/2/2026,PPRO000099,5470,MOLINOS CHAMPION S.F,PP CANAL DE CERDO EVISCERADO,"13087,15","10274,2",120,,,,,42,"78,51%","109,0595833","85,61833333","100,00%",30,7:15,10:31,,,,0,,"2,857142857","3,27","0,41",37,"104,84","85,67%","87,46%","74,93%"
8,18/2/2026,PPRO000099,274,ENGORDE,PP CANAL DE CERDO EVISCERADO,"25081,1",20402,239,,,,,40,"81,34%","104,941841","85,36401674","100,00%",30,10:15,16:48,,,,0,1,"5,975","5,55","0,00",43,"122,53","100,00%","100,00%","100,00%"
8,19/2/2026,PPRO000099,274,ENGORDE,PP CANAL DE CERDO EVISCERADO,"23029,65","18533,25",229,,,,,40,"80,48%","100,5661572","80,93122271","100,00%",37,7:08,12:10,,,,0,1,"5,725","4,03","0,00",57,"124,19","100,00%","100,00%","100,00%"
8,20/2/2026,PPRO000099,,BAJO PESO,PP CANAL DE CERDO EVISCERADO,"8283,35","6149,1",110,,,,,40,"74,23%","75,30318182","55,90090909","100,00%",32,15:10,18:56,,,,0,,"2,75","3,77","1,02",29,"51,02","63,03%","73,01%","46,02%"
9,23/2/2026,PPRO000099,5470,MOLINOS CHAMPION S.F,PP CANAL DE CERDO EVISCERADO,"12750,95","9746,05",120,,,,,42,"76,43%","106,2579167","81,21708333","100,00%",32,7:30,10:20,,,,0,,"2,857142857","2,83","0,00",42,"107,49","100,00%","100,00%","100,00%"
9,23/2/2026,PPRO000099,,BAJO PESO,PP CANAL DE CERDO EVISCERADO,"3158,7","2252,95",40,,,,,40,"71,33%","78,9675","56,32375","100,00%",29,17:20,18:50,,,,0,,1,"1,50","0,50",27,"51,79","50,00%","66,67%","33,33%"
9,24/2/2026,PPRO000099,,BAJO PESO,PP CANAL DE CERDO EVISCERADO,"8515,3",6358,101,,,,,40,"74,67%","84,30990099","62,95049505","100,00%",37,7:10,10:05,,,,0,,"2,525","2,92","0,39",35,"58,92","84,49%","86,57%","73,14%"
9,25/2/2026,PPRO000209,,REPRODUCTORA,PP CANAL CERDO EVISCERADO REPRODUCTOR/A,"3723,2","2815,8",17,,,,,10,"75,63%","219,0117647","165,6352941","100,00%",22,8:27,10:55,,,,0,,"1,7","2,47","0,77",7,"51,89","54,90%","68,92%","37,84%"
9,25/2/2026,PPRO000099,5470,MOLINOS CHAMPION S.F,PP CANAL DE CERDO EVISCERADO,"6977,7","5399,7",60,,,,,42,"77,39%","116,295","89,995","100,00%",22,7:00,9:10,,,,0,,"1,428571429","2,17","0,74",28,"113,28","48,33%","65,93%","31,87%"
9,26/2/2026,PPRO000099,5470,MOLINOS CHAMPION S.F,PP CANAL DE CERDO EVISCERADO,"6712,7","5191,95",59,,,,,42,"77,35%","113,7745763","87,99915254","100,00%",32,7:00,9:15,,,,0,,"1,404761905","2,25","0,85",26,"72,11","39,83%","62,43%","24,87%"
9,26/2/2026,PPRO000099,,BAJO PESO,PP CANAL DE CERDO EVISCERADO,"7034,55",5596,70,,,,,40,"79,55%","100,4935714","79,94285714","100,00%",30,8:45,10:35,,,,0,,"1,75","1,83","0,08",38,"101,75","95,24%","95,45%","90,91%"
9,27/2/2026,PPRO000099,,BAJO PESO,PP CANAL DE CERDO EVISCERADO,"7052,95","5546,95",72,,,,,40,"78,65%","97,95763889","77,04097222","100,00%",30,14:30,16:45,,,,0,,"1,8","2,25","0,45",32,"82,18","75,00%","80,00%","60,00%"
9,28/2/2026,PPRO000099,274,ENGORDE,PP CANAL DE CERDO EVISCERADO,"18761,25","14717,05",180,,,,,40,"78,44%","104,2291667","81,76138889","100,00%",30,14:30,16:45,,,,0,1,"4,5","1,25","0,00",144,"392,45","100,00%","100,00%","100,00%"
10,2/3/2026,PPRO000099,5470,MOLINOS CHAMPION S.F,PP CANAL DE CERDO EVISCERADO,"12572,4","9700,4",120,,,,,42,"77,16%","104,77","80,83666667","100,00%",33,7:09,9:55,,,,0,,"2,857142857","2,77","0,00",43,"106,25","100,00%","100,00%","100,00%"
10,2/3/2026,PPRO000099,274,ENGORDE,PP CANAL DE CERDO EVISCERADO,"233,35","179,05",2,,,,,40,"76,73%","116,675","89,525","100,00%",33,9:40,11:50,,,,0,1,"0,05","1,17","1,12",2,"4,65","0,00%","4,29%","0,00%"
10,2/3/2026,PPRO000209,,REPRODUCTORA,PP CANAL CERDO EVISCERADO REPRODUCTOR/A,"4064,25","3111,6",18,,,,,10,"76,56%","225,7916667","172,8666667","100,00%",33,9:40,11:50,,,,0,,"1,8","2,17","0,37",8,"43,52","79,63%","83,08%","66,15%"
10,3/3/2026,PPRO000099,5470,MOLINOS CHAMPION S.F,PP CANAL DE CERDO EVISCERADO,"6547,8","5100,3",60,,,,,42,"77,89%","109,13","85,005","100,00%",32,7:00,9:25,,,,0,,"1,428571429","2,42","0,99",25,"65,95","30,83%","59,11%","18,23%"
10,3/3/2026,PPRO000099,274,ENGORDE,PP CANAL DE CERDO EVISCERADO,"15371,4","11860,5",168,,,,,40,"77,16%","91,49642857","70,59821429","100,00%",33,8:35,14:35,,,,0,1,"4,2","5,00","0,80",34,"71,88","80,95%","84,00%","68,00%"
10,4/3/2026,PPRO000099,5470,MOLINOS CHAMPION S.F,PP CANAL DE CERDO EVISCERADO,"6669,8","5132,45",60,,,,,42,"76,95%","111,1633333","85,54083333","100,00%",32,7:10,10:20,,,,0,,"1,428571429","3,17","1,74",19,"50,65","0,00%","45,11%","0,00%"
10,4/3/2026,PPRO000099,274,ENGORDE,PP CANAL DE CERDO EVISCERADO,"19118,4","15311,1",177,,,,,40,"80,09%","108,0135593","86,50338983","100,00%",32,10:00,16:55,,,,0,1,"4,425","5,92","1,49",30,"80,87","66,29%","74,79%","49,58%"
10,5/3/2026,PPRO000099,274,ENGORDE,PP CANAL DE CERDO EVISCERADO,"27362,8","21920,1",261,,,,,40,"80,11%","104,8383142","83,98505747","100,00%",33,7:00,13:55,,,,0,1,"6,525","5,92","0,00",44,"112,27","100,00%","100,00%","100,00%"
10,6/3/2026,PPRO000099,274,ENGORDE,PP CANAL DE CERDO EVISCERADO,"10730,45","8563,31",110,,,,,40,"79,80%","97,54954545","77,84827273","100,00%",32,12:30,15:05,,,,0,1,"2,75","1,58","0,00",69,"169,01","100,00%","100,00%","100,00%"
10,7/3/2026,PPRO000099,274,ENGORDE,PP CANAL DE CERDO EVISCERADO,"3581,45","2699,75",35,,,,,40,"75,38%","102,3271429","77,13571429","100,00%",36,7:00,8:36,,,,0,,"0,875","1,60","0,73",22,"46,87","17,14%","54,69%","9,38%"
11,9/3/2026,PPRO000099,5470,MOLINOS CHAMPION S.F,PP CANAL DE CERDO EVISCERADO,"12813,85","9824,9",120,,,,,42,"76,67%","106,7820833","81,87416667","100,00%",28,7:00,10:03,,,,0,,"2,857142857","3,05","0,19",39,"115,05","93,25%","93,68%","87,35%"
11,9/3/2026,PPRO000099,274,ENGORDE,PP CANAL DE CERDO EVISCERADO,24509,"19703,4",237,,,,,40,"80,39%","103,4135021","83,13670886","100,00%",35,9:40,15:45,,,,0,,"5,925","6,08","0,16",39,"92,54","97,33%","97,40%","94,79%"
11,9/3/2026,PPRO000209,,REPRODUCTORA,PP CANAL CERDO EVISCERADO REPRODUCTOR/A,"4206,25","3219,95",20,,,,,10,"76,55%","210,3125","160,9975","100,00%",35,15:05,17:10,,,,0,,2,"2,08","0,08",10,"44,16","95,83%","96,00%","92,00%"
11,10/3/2026,PPRO000099,5470,MOLINOS CHAMPION S.F,PP CANAL DE CERDO EVISCERADO,"6858,95","5224,1",60,,,,,42,"76,16%","114,3158333","87,06833333","100,00%",35,7:00,8:55,,,,0,,"1,428571429","1,92","0,49",31,"77,87","65,83%","74,53%","49,07%"
11,10/3/2026,PPRO000099,274,ENGORDE,PP CANAL DE CERDO EVISCERADO,"26850,35","21215,1",241,,,,,40,"79,01%","111,4122407","88,02946058","100,00%",35,8:30,15:30,,,,0,,"6,025","7,00","0,98",34,"86,59","83,82%","86,07%","72,14%"
11,11/3/2026,PPRO000099,5470,MOLINOS CHAMPION S.F,PP CANAL DE CERDO EVISCERADO,"6774,45","5175,6",60,,,,,42,"76,40%","112,9075","86,26","100,00%",32,7:10,9:05,,,,0,,"1,428571429","1,92","0,49",31,"84,38","65,83%","74,53%","49,07%"
11,11/3/2026,PPRO000099,274,ENGORDE,PP CANAL DE CERDO EVISCERADO,"29905,9","24132,05",285,150,PICADURAS,,,40,"80,69%","104,9329825","84,67385965","47,37%",33,8:38,14:39,,,,0,1,"7,125","5,02","0,00",57,"145,77","100,00%","100,00%","47,37%"
11,12/3/2026,PPRO000099,274,ENGORDE,PP CANAL DE CERDO EVISCERADO,"36528,8","29145,65",333,20,DERMATITIS,,,40,"79,79%","109,6960961","87,52447447","93,99%",33,7:00,15:20,,,,0,,"8,325","8,33","0,01",40,"105,98","99,90%","99,90%","93,81%"
11,13/3/2026,PPRO000099,274,ENGORDE,PP CANAL DE CERDO EVISCERADO,"10167,85","7374,15",211,211,DERMATITIS,,,40,"72,52%","48,18886256","34,9485782","0,00%",33,10:40,15:10,,,,0,,"5,275","4,50","0,00",47,"49,66","100,00%","100,00%","0,00%"
12,16/3/2026,PPRO000099,5470,MOLINOS CHAMPION S.F,PP CANAL DE CERDO EVISCERADO,"12829,9","9792,75",120,,,,,42,"76,33%","106,9158333","81,60625","100,00%",28,12:50,16:05,,,,0,,"2,857142857","3,25","0,39",37,"107,61","86,25%","87,91%","75,82%"
12,16/3/2026,PPRO000099,274,ENGORDE,PP CANAL DE CERDO EVISCERADO,"22966,8","18323,6",212,20,DERMATITIS,,,40,"79,78%","108,3339623","86,43207547","90,57%",28,8:00,17:28,,,,0,1,"5,3","8,47","3,17",25,"77,29","40,25%","62,60%","22,82%"
12,16/3/2026,PPRO000209,,REPRODUCTORA,PP CANAL CERDO EVISCERADO REPRODUCTOR/A,"5260,65","3768,8",22,,,,,10,"71,64%","239,1204545","171,3090909","100,00%",30,10:40,12:35,,,,0,,"2,2","1,92","0,00",11,"65,54","100,00%","100,00%","100,00%"
12,17/3/2026,PPRO000099,5470,MOLINOS CHAMPION S.F,PP CANAL DE CERDO EVISCERADO,"6717,1","5149,2",60,,,,,42,"76,66%","111,9516667","85,82","100,00%",31,8:00,17:55,,,,0,,"1,428571429","9,92","8,49",6,"16,75","0,00%","14,41%","0,00%"
12,17/3/2026,PPRO000099,274,ENGORDE,PP CANAL DE CERDO EVISCERADO,25943,"20776,55",271,50,DERMATITIS/PICADURAS,,,40,"80,09%","95,73062731","76,66623616","81,55%",31,13:00,14:42,,,,0,1,"6,775","0,70","0,00",387,"957,44","100,00%","100,00%","81,55%"
12,18/3/2026,PPRO000099,5470,MOLINOS CHAMPION S.F,PP CANAL DE CERDO EVISCERADO,"6684,4","5158,85",60,,,,,42,"77,18%","111,4066667","85,98083333","100,00%",31,13:00,14:42,,,,0,,"1,428571429","1,70","0,27",35,"97,89","81,00%","84,03%","68,07%"
12,18/3/2026,PPRO000099,274,ENGORDE,PP CANAL DE CERDO EVISCERADO,"27164,65","21716,753",270,40,DERMATITIS,,,40,"79,94%","100,6098148","80,43241852","85,19%",30,8:00,16:25,,,,0,1,"6,75","7,42","0,67",36,"97,6","90,12%","91,01%","69,87%"
12,19/3/2026,PPRO000099,274,ENGORDE,PP CANAL DE CERDO EVISCERADO,"29675,95","23731,2",301,40,DERMATITIS,,,40,"79,97%","98,59119601","78,84119601","86,71%",30,7:00,14:35,,,,0,1,"7,525","6,58","0,00",46,"120,16","100,00%","100,00%","86,71%"
12,20/3/2026,PPRO000099,274,ENGORDE,PP CANAL DE CERDO EVISCERADO,"19271,3","15670,95",185,5,DERMATITIS,,,40,"81,32%","104,1691892","84,70783784","97,30%",31,6:00,13:45,,,,0,1,"4,625","6,75","2,13",27,"74,89","54,05%","68,52%","36,04%"
13,23/3/2026,PPRO000099,5470,MOLINOS CHAMPION S.F,PP CANAL DE CERDO EVISCERADO,"6629,8","5118,25",60,,,,,42,"77,20%","110,4966667","85,30416667","100,00%",32,10:05,11:55,,,,0,,"1,428571429","1,83","0,40",33,"87,24","71,67%","77,92%","55,84%"
13,23/3/2026,PPRO000099,274,ENGORDE,PP CANAL DE CERDO EVISCERADO,"18193,2","14447,05",195,40,DERMATITIS LEVE,,,40,"79,41%","93,29846154","74,0874359","79,49%",31,8:00,16:15,,,,0,1,"4,875","7,25","2,38",27,"64,28","51,28%","67,24%","27,41%"
13,23/3/2026,PPRO000209,,REPRODUCTORA,PP CANAL CERDO EVISCERADO REPRODUCTOR/A,"3797,95","2823,15",17,,,,,10,"74,33%","223,4088235","166,0676471","100,00%",31,14:00,15:55,,,,0,1,"1,7","0,92","0,00",19,"99,35","100,00%","100,00%","100,00%"
13,24/3/2026,PPRO000099,5470,MOLINOS CHAMPION S.F,PP CANAL DE CERDO EVISCERADO,"6261,3","4765,75",60,,,,,42,"76,11%","104,355","79,42916667","100,00%",32,10:30,12:22,,,,0,,"1,428571429","1,87","0,44",32,"79,78","69,33%","76,53%","53,06%"
13,24/3/2026,PPRO000099,274,ENGORDE,PP CANAL DE CERDO EVISCERADO,"24302,2","18990,65",234,40,DERMATITIS LEVE,,,40,"78,14%","103,8555556","81,15662393","82,91%",32,8:00,15:15,,,,0,1,"5,85","6,25","0,40",37,"94,95","93,16%","93,60%","72,29%"
13,25/3/2026,PPRO000099,5470,MOLINOS CHAMPION S.F,PP CANAL DE CERDO EVISCERADO,"6359,65","4840,75",60,,,,,42,"76,12%","105,9941667","80,67916667","100,00%",32,10:40,12:25,,,,0,,"1,428571429","1,75","0,32",34,"86,44","77,50%","81,63%","63,27%"
13,25/3/2026,PPRO000099,274,ENGORDE,PP CANAL DE CERDO EVISCERADO,"21658,05","17294,5",230,40,DERMATITS LEVE,,,40,"79,85%","94,16543478","75,19347826","82,61%",32,8:00,16:15,,,,0,1,"5,75","7,25","1,50",32,"74,55","73,91%","79,31%","48,43%"
13,26/3/2026,PPRO000099,274,ENGORDE,PP CANAL DE CERDO EVISCERADO,"32747,2","26276,95",320,20,DERMATITIS LEVE,,,40,"80,24%","102,335","82,11546875","93,75%",33,8:00,15:38,,,,0,1,8,"6,63","0,00",48,"120,04","100,00%","100,00%","93,75%"
14,30/3/2026,PPRO000099,5470,MOLINOS CHAMPION S.F,PP CANAL DE CERDO EVISCERADO,6114,"4683,1",60,,,,,42,"76,60%","101,9","78,05166667","100,00%",32,10:20,12:00,,,,0,,"1,428571429","1,67","0,24",36,"87,81","83,33%","85,71%","71,43%"
14,30/3/2026,PPRO000099,274,ENGORDE,PP CANAL DE CERDO EVISCERADO,"26673,95","21164,45",278,15,DERMATITIS LEVE,,,40,"79,35%","95,94946043","76,13111511","94,60%",32,9:45,15:08,,,,0,1,"6,95","4,38","0,00",63,"150,89","100,00%","100,00%","94,60%"
14,30/3/2026,PPRO000209,,REPRODUCTORA,PP CANAL CERDO EVISCERADO REPRODUCTOR/A,"3968,55","3098,75",17,,,,,10,"78,08%","233,4441176","182,2794118","100,00%",32,16:25,18:10,,,,0,,"1,7","1,75","0,05",10,"55,33","97,06%","97,14%","94,29%"
14,31/3/2026,PPRO000099,5470,MOLINOS CHAMPION S.F,PP CANAL DE CERDO EVISCERADO,"6218,25","4719,95",60,,,,,42,"75,90%","103,6375","78,66583333","100,00%",32,8:20,10:15,,,,0,,"1,428571429","1,92","0,49",31,"76,96","65,83%","74,53%","49,07%"
14,31/3/2026,PPRO000099,274,ENGORDE,PP CANAL DE CERDO EVISCERADO,"26685,35","21384,05",265,3,DERMATITS ,,,40,"80,13%","100,699434","80,6945283","98,87%",32,9:45,15:08,,,,0,1,"6,625","4,38","0,00",60,"152,45","100,00%","100,00%","98,87%"
14,1/4/2026,PPRO000099,5470,MOLINOS CHAMPION S.F,PP CANAL DE CERDO EVISCERADO,"6425,5","4947,65",60,,,,,42,"77,00%","107,0916667","82,46083333","100,00%",32,7:00,8:53,,,,0,,"1,428571429","1,88","0,45",32,"82,1","68,17%","75,85%","51,71%"
14,1/4/2026,PPRO000099,274,ENGORDE,PP CANAL DE CERDO EVISCERADO,"23597,85","18842,55",237,12,HEMATOMAS,,,40,"79,85%","99,56898734","79,50443038","94,94%",32,8:25,14:14,,,,0,1,"5,925","4,82","0,00",49,"122,25","100,00%","100,00%","94,94%"
14,1/4/2026,PPRO000099,274,ENGORDE,PP CANAL DE CERDO EVISCERADO,"22413,1","17900,25",230,10,DERMATITIS,,,40,"79,87%","97,44826087","77,82717391","95,65%",32,7:00,11:26,,,,0,,"5,75","4,43","0,00",52,"126,18","100,00%","100,00%","95,65%"
15,6/4/2026,PPRO000099,5470,MOLINOS CHAMPION S.F,PP CANAL DE CERDO EVISCERADO,"6160,45","4681,85",60,,,,,42,"76,00%","102,6741667","78,03083333","100,00%",29,13:00,15:01,,,,0,,"1,428571429","2,02","0,59",30,"80,05","58,83%","70,84%","41,68%"
15,6/4/2026,PPRO000099,274,ENGORDE,PP CANAL DE CERDO EVISCERADO,"25408,1","20129,15",233,,,,,40,"79,22%","109,0476395","86,39120172","100,00%",30,6:00,12:10,,,,0,1,"5,825","5,17","0,00",45,"129,87","100,00%","100,00%","100,00%"
15,6/4/2026,PPRO000209,,REPRODUCTORA,PP CANAL CERDO EVISCERADO REPRODUCTOR/A,"3852,55","2889,4",17,,,,,10,"75,00%","226,6205882","169,9647059","100,00%",30,14:45,16:20,,,,0,,"1,7","1,58","0,00",11,"60,83","100,00%","100,00%","100,00%"
15,7/4/2026,PPRO000099,5470,MOLINOS CHAMPION S.F,PP CANAL DE CERDO EVISCERADO,"6618,15","5066,3",60,,,,,42,"76,55%","110,3025","84,43833333","100,00%",32,12:32,14:53,,,,0,,"1,428571429","2,35","0,92",26,"67,37","35,50%","60,79%","21,58%"
15,7/4/2026,PPRO000099,274,ENGORDE,PP CANAL DE CERDO EVISCERADO,"24687,85","19718,6",230,,,,,40,"79,87%","107,3384783","85,73304348","100,00%",32,6:00,12:07,,,,0,1,"5,75","5,12","0,00",45,"120,43","100,00%","100,00%","100,00%"
15,8/4/2026,PPRO000099,5470,MOLINOS CHAMPION S.F,PP CANAL DE CERDO EVISCERADO,"6506,4","4957,5",60,,,,,42,"76,19%","108,44","82,625","100,00%",33,12:50,14:31,,,,0,,"1,428571429","1,68","0,25",36,"89,24","82,17%","84,87%","69,73%"
15,8/4/2026,PPRO000099,274,ENGORDE,PP CANAL DE CERDO EVISCERADO,"27576,8","21605,145",275,20,DERMATITIS,,,40,"78,35%","100,2792727","78,56416364","92,73%",33,6:00,13:15,,,,0,1,"6,875","6,25","0,00",44,"104,75","100,00%","100,00%","92,73%"
16,13/4/2026,PPRO000099,5470,MOLINOS CHAMPION S.F,PP CANAL DE CERDO EVISCERADO,"12773,7","9770,85",120,,,,,42,"76,49%","106,4475","81,42375","100,00%",34,11:00,14:00,,,,0,,"2,857142857","3,00","0,14",40,"95,79","95,00%","95,24%","90,48%"
16,13/4/2026,PPRO000099,274,ENGORDE,PP CANAL DE CERDO EVISCERADO,"12525,4","9703,15",118,,,,,40,"77,47%","106,1474576","82,23008475","100,00%",34,6:15,9:58,,,,0,1,"2,95","2,72","0,00",43,"105,05","100,00%","100,00%","100,00%"
16,13/4/2026,PPRO000209,,REPRODUCTORA,PP CANAL CERDO EVISCERADO REPRODUCTOR/A,"3726,45","2919,5",17,,,,,10,"78,35%","219,2029412","171,7352941","100,00%",34,13:40,15:20,,,,0,,"1,7","1,67","0,00",10,"51,52","100,00%","100,00%","100,00%"
16,14/4/2026,PPRO000099,5470,MOLINOS CHAMPION S.F,PP CANAL DE CERDO EVISCERADO,"6306,85","4813,7",60,,,,,42,"76,32%","105,1141667","80,22833333","100,00%",39,13:00,14:47,,,,0,,"1,428571429","1,78","0,35",34,"69,21","75,17%","80,11%","60,21%"
16,14/4/2026,PPRO000099,274,ENGORDE,PP CANAL DE CERDO EVISCERADO,"24683,1","19431,85",230,,,,,40,"78,73%","107,3178261","84,48630435","100,00%",37,6:10,13:23,,,,0,1,"5,75","6,22","0,47",37,"84,48","91,88%","92,49%","84,99%"
16,14/4/2026,PPRO000099,274,ENGORDE,PP CANAL DE CERDO EVISCERADO,"7458,6","6065,85",60,25,HEMATOMAS,,,40,"81,33%","124,31","101,0975","58,33%",37,14:18,16:08,,,,0,,"1,5","1,83","0,33",33,"89,42","77,78%","81,82%","37,12%"
16,15/4/2026,PPRO000099,5470,MOLINOS CHAMPION S.F,PP CANAL DE CERDO EVISCERADO,"6460,5","4952,65",60,,,,,42,"76,66%","107,675","82,54416667","100,00%",40,8:35,10:25,,,,0,,"1,428571429","1,83","0,40",33,"67,54","71,67%","77,92%","55,84%"
16,15/4/2026,PPRO000099,274,ENGORDE,PP CANAL DE CERDO EVISCERADO,"18348,9","14396,9",175,,,,,40,"78,46%","104,8508571","82,268","100,00%",40,4:10,9:00,,,,0,1,"4,375","3,83","0,00",46,"93,89","100,00%","100,00%","100,00%"
16,16/4/2026,PPRO000099,274,ENGORDE,PP CANAL DE CERDO EVISCERADO,"22517,05","17688,7",210,,,,,40,"78,56%","107,2240476","84,23190476","100,00%",33,4:00,9:30,,,,0,,"5,25","5,50","0,25",38,"97,46","95,24%","95,45%","90,91%"
17,20/4/2026,PPRO000099,5470,MOLINOS CHAMPION S.F,PP CANAL DE CERDO EVISCERADO,"12512,7","9530,3",120,,,,,42,"76,17%","104,2725","79,41916667","100,00%",30,12:15,15:20,,,,0,,"2,857142857","3,08","0,23",39,"103,03","92,08%","92,66%","85,33%"
17,20/4/2026,PPRO000099,274,ENGORDE,PP CANAL DE CERDO EVISCERADO,"18691,703","14953,85",177,,,,,40,"80,00%","105,6028418","84,48502825","100,00%",30,6:10,11:33,,,,0,1,"4,425","4,38","0,00",40,"113,72","100,00%","100,00%","100,00%"
17,20/4/2026,PPRO000209,,REPRODUCTORA,PP CANAL CERDO EVISCERADO REPRODUCTOR/A,"3275,9","2498,75",15,,,,,10,"76,28%","218,3933333","166,5833333","100,00%",30,14:50,16:26,,,,0,,"1,5","1,60","0,10",9,"52,06","93,33%","93,75%","87,50%"
17,21/4/2026,PPRO000099,5470,MOLINOS CHAMPION S.F,PP CANAL DE CERDO EVISCERADO,"7200,45","5486,95",60,,,,,42,"76,20%","120,0075","91,44916667","100,00%",33,12:30,14:21,,,,0,,"1,428571429","1,85","0,42",32,"89,88","70,50%","77,22%","54,44%"
17,21/4/2026,PPRO000099,274,ENGORDE,PP CANAL DE CERDO EVISCERADO,"17676,9","13670,55",180,,,,,40,"77,34%","98,205","75,9475","100,00%",33,7:00,11:50,,,,0,1,"4,5","3,83","0,00",47,"108,07","100,00%","100,00%","100,00%"
17,21/4/2026,PPRO000099,274,ENGORDE,PP CANAL DE CERDO EVISCERADO,"7157,1","5815,15",60,,,,,40,"81,25%","119,285","96,91916667","100,00%",33,13:50,15:30,,,,0,,"1,5","1,67","0,17",36,"105,73","88,89%","90,00%","80,00%"
17,22/4/2026,PPRO000099,5470,MOLINOS CHAMPION S.F,PP CANAL DE CERDO EVISCERADO,"6217,2","4673,1",60,,,,,42,"75,16%","103,62","77,885","100,00%",33,15:35,17:20,,,,0,,"1,428571429","1,75","0,32",34,"80,92","77,50%","81,63%","63,27%"
17,22/4/2026,PPRO000099,274,ENGORDE,PP CANAL DE CERDO EVISCERADO,"11547,75","9346,25",120,,,,,40,"80,94%","96,23125","77,88541667","100,00%",34,13:30,16:00,,,,0,1,3,"1,50","0,00",80,"183,26","100,00%","100,00%","100,00%"
17,23/4/2026,PPRO000099,274,ENGORDE,PP CANAL DE CERDO EVISCERADO,"32168,2","25685,3",300,,,,,40,"79,85%","107,2273333","85,61766667","100,00%",34,6:00,14:55,,,,0,1,"7,5","7,92","0,42",38,"95,43","94,44%","94,74%","89,47%"
17,24/4/2026,PPRO000099,274,ENGORDE,PP CANAL DE CERDO EVISCERADO,"13638,3","10851,6",115,,,,,40,"79,57%","118,593913","94,36173913","100,00%",32,6:00,9:05,,,,0,1,"2,875","2,08","0,00",55,"162,77","100,00%","100,00%","100,00%"
17,26/4/2026,PPRO000099,274,ENGORDE,PP CANAL DE CERDO EVISCERADO,"29393,445","23638,9",285,15,DERMATITIS/HEMATOMAS,,,40,"80,42%","103,1348947","82,94350877","94,74%",34,7:00,14:45,,,,0,1,"7,125","6,75","0,00",42,103,"100,00%","100,00%","94,74%"
18,27/4/2026,PPRO000099,5470,MOLINOS CHAMPION S.F,PP CANAL DE CERDO EVISCERADO,"5986,35","4559,95",60,,,,,42,"76,17%","99,7725","75,99916667","100,00%",31,14:45,17:11,,,,0,,"1,428571429","2,43","1,00",25,"60,45","29,67%","58,71%","17,42%"
18,27/4/2026,PPRO000099,274,ENGORDE,PP CANAL DE CERDO EVISCERADO,"24956,1","19903,9",244,15,DERMATITIS,,,40,"79,76%","102,2790984","81,57336066","93,85%",30,8:00,15:03,,,,0,1,"6,1","6,05","0,00",40,"109,66","100,00%","100,00%","93,85%"
18,27/4/2026,PPRO000209,,REPRODUCTORA,PP CANAL CERDO EVISCERADO REPRODUCTOR/A,"2760,4","2131,45",13,,,,,10,"77,22%","212,3384615","163,9576923","100,00%",30,16:45,18:38,,,,0,,"1,3","1,88","0,58",7,"37,72","55,13%","69,03%","38,05%"
18,28/4/2026,PPRO000099,5470,MOLINOS CHAMPION S.F,PP CANAL DE CERDO EVISCERADO,"7240,55","5572,1",60,,,,,42,"76,96%","120,6758333","92,86833333","100,00%",32,14:10,15:46,,,,0,,"1,428571429","1,60","0,17",38,"108,83","88,00%","89,29%","78,57%"
18,28/4/2026,PPRO000099,274,ENGORDE,PP CANAL DE CERDO EVISCERADO,22629,"17954,95",230,100,DERMATITIS/PICADURAS,,,40,"79,34%","98,38695652","78,065","56,52%",32,7:00,14:30,,,,0,1,"5,75","6,50","0,75",35,"86,32","86,96%","88,46%","43,48%"
18,29/4/2026,PPRO000099,5470,MOLINOS CHAMPION S.F,PP CANAL DE CERDO EVISCERADO,"6478,55","5017,2",60,,,,,42,"77,44%","107,9758333","83,62","100,00%",34,11:10,12:00,,,,0,,"1,428571429","0,83","0,00",72,"177,08","100,00%","100,00%","100,00%"
18,29/4/2026,PPRO000099,274,ENGORDE,PP CANAL DE CERDO EVISCERADO,"17123,4","13712,3",160,15,DERMATITIS/PICADURAS,,,40,"80,08%","107,02125","85,701875","90,63%",34,6:00,10:16,,,,0,1,4,"3,27","0,00",49,"123,46","100,00%","100,00%","90,63%"
18,30/4/2026,PPRO000099,5470,PROPALCOL,PP CANAL DE CERDO EVISCERADO,"8875,95",0,85,,,,,42,"0,00%","104,4229412",0,"100,00%",32,9:50,12:26,,,,0,,"2,023809524","2,60","0,58",33,0,"71,53%","77,84%","55,68%"
18,30/4/2026,PPRO000099,274,ENGORDE,PP CANAL DE CERDO EVISCERADO,"11050,8","8829,33",112,18,DERMATITIS/PICADURAS,,,40,"79,90%","98,66785714","78,83330357","83,93%",34,7:00,10:13,,,,0,1,"2,8","2,22","0,00",51,"117,15","100,00%","100,00%","83,93%"
18,3/5/2026,PPRO000099,274,ENGORDE,PP CANAL DE CERDO EVISCERADO,"20673,8","16568,4",180,20,DERMATITIS/HEMATOMAS,,,40,"80,14%","114,8544444","92,04666667","88,89%",26,7:10,12:20,,,,0,1,"4,5","4,17","0,00",43,"152,94","100,00%","100,00%","88,89%"
19,4/5/2026,PPRO000099,5470,MOLINOS CHAMPION S.F,PP CANAL DE CERDO EVISCERADO,"13856,25","10572,6",120,,,,,42,"76,30%","115,46875","88,105","100,00%",33,7:00,9:42,,,,0,,"2,857142857","2,70","0,00",44,"118,66","100,00%","100,00%","100,00%"
19,4/5/2026,PPRO000099,274,ENGORDE,PP CANAL DE CERDO EVISCERADO,"28006,803",22546,240,20,DERMATITIS/HEMATOMAS,,,40,"80,50%","116,6950125","93,94166667","91,67%",33,9:50,17:15,,,,0,1,6,"6,42","0,42",37,"106,47","93,06%","93,51%","79,76%"
19,5/5/2026,PPRO000099,5470,MOLINOS CHAMPION S.F,PP CANAL DE CERDO EVISCERADO,"6157,4","4669,1",60,,,,,42,"75,83%","102,6233333","77,81833333","100,00%",33,16:30,18:15,,,,0,,"1,428571429","1,75","0,32",34,"80,85","77,50%","81,63%","63,27%"
19,5/5/2026,PPRO000099,274,ENGORDE,PP CANAL DE CERDO EVISCERADO,"21564,6","17068,9",247,94,DERMATITIS/HEMATOMAS,,,40,"79,15%","87,30607287","69,1048583","61,94%",33,9:25,15:55,,,,0,1,"6,175","5,50","0,00",45,"94,04","100,00%","100,00%","61,94%"
19,5/5/2026,PPRO000209,,REPRODUCTORA,PP CANAL CERDO EVISCERADO REPRODUCTOR/A,"2312,15","1789,4",11,,,,,10,"77,39%","210,1954545","162,6727273","100,00%",33,17:48,19:35,,,,0,,"1,1","1,78","0,68",6,"30,41","37,88%","61,68%","23,36%"
19,6/5/2026,PPRO000099,5470,MOLINOS CHAMPION S.F,PP CANAL DE CERDO EVISCERADO,"6401,75","4835,7",60,,,,,42,"75,54%","106,6958333","80,595","100,00%",31,15:10,17:00,,,,0,,"1,428571429","1,83","0,40",33,"85,09","71,67%","77,92%","55,84%"
19,6/5/2026,PPRO000099,274,ENGORDE,PP CANAL DE CERDO EVISCERADO,"21768,404","16985,34",248,70,DERMATITIS/HEMATOMAS,,,40,"78,03%","87,77582258","68,48927419","71,77%",31,8:00,15:35,,,,0,1,"6,2","6,58","0,38",38,"83,23","93,82%","94,18%","63,42%"
19,7/5/2026,PPRO000099,274,ENGORDE,PP CANAL DE CERDO EVISCERADO,"28086,7","22450,2",295,70,DERMATITIS/HEMATOMAS,,,40,"79,93%","95,20915254","76,10237288","76,27%",31,8:00,15:55,,,,0,1,"7,375","6,92","0,00",43,"104,7","100,00%","100,00%","76,27%"
19,9/5/2026,PPRO000099,274,ENGORDE,PP CANAL DE CERDO EVISCERADO,"25355,75","20548,35",234,15,DERMATITIS/HEMATOMAS,,,40,"81,04%","108,357906","87,81346154","93,59%",33,11:45,17:25,,,,0,1,"5,85","4,67","0,00",50,"133,43","100,00%","100,00%","93,59%"
20,11/5/2026,PPRO000099,5470,MOLINOS CHAMPION S.F,PP CANAL DE CERDO EVISCERADO,"14066,7","10738,1",120,,,,,42,"76,34%","117,2225","89,48416667","100,00%",34,15:45,17:58,,,,0,,"2,857142857","2,22","0,00",54,"142,48","100,00%","100,00%","100,00%"
20,11/5/2026,PPRO000099,274,ENGORDE,PP CANAL DE CERDO EVISCERADO,"22042,7","17338,85",236,75,DERMATITIS/HEMATOMAS,,,40,"78,66%","93,40127119","73,46970339","68,22%",34,8:00,16:25,,,,0,1,"5,9","7,42","1,52",32,"68,76","74,29%","79,55%","40,32%"
20,12/5/2026,PPRO000099,5470,MOLINOS CHAMPION S.F,PP CANAL DE CERDO EVISCERADO,"6369,55","4820,6",60,,,,,42,"75,68%","106,1591667","80,34333333","100,00%",23,15:55,19:39,,,,0,,"1,428571429","3,73","2,30",16,"56,14","0,00%","38,27%","0,00%"
20,12/5/2026,PPRO000099,274,ENGORDE,PP CANAL DE CERDO EVISCERADO,"22728,4","17906,45",239,75,DERMATITIS/HEMATOMAS,,,40,"78,78%","95,09790795","74,92238494","68,62%",23,8:00,16:59,,,,0,1,"5,975","7,98","2,01",30,"97,52","66,39%","74,84%","34,09%"
20,12/5/2026,PPRO000209,,REPRODUCTORA,PP CANAL CERDO EVISCERADO REPRODUCTOR/A,"2313,4","1720,7",11,,,,,10,"74,38%","210,3090909","156,4272727","100,00%",23,19:10,20:20,,,,0,,"1,1","1,17","0,07",9,"64,13","93,94%","94,29%","88,57%"
20,13/5/2026,PPRO000099,5470,MOLINOS CHAMPION S.F,PP CANAL DE CERDO EVISCERADO,"6292,15","4664,3",60,,,,,42,"74,13%","104,8691667","77,73833333","100,00%",22,16:26,18:50,,,,0,,"1,428571429","2,40","0,97",25,"88,34","32,00%","59,52%","19,05%"
20,13/5/2026,PPRO000099,274,ENGORDE,PP CANAL DE CERDO EVISCERADO,"17782,3","13766,45",234,130,DERMATITIS/HEMATOMAS,,,40,"77,42%","75,99273504","58,83098291","44,44%",24,8:30,16:45,,,,0,1,"5,85","7,25","1,40",32,"79,12","76,07%","80,69%","27,28%"
20,14/5/2026,PPRO000099,274,ENGORDE,PP CANAL DE CERDO EVISCERADO,"24170,1","19503,35",231,10,DERMATITIS/HEMATOMAS,,,40,"80,69%","104,6324675","84,43008658","95,67%",24,13:30,19:57,,,,0,1,"5,775","5,45","0,00",42,"149,11","100,00%","100,00%","95,67%"
20,16/5/2026,PPRO000099,274,ENGORDE,PP CANAL DE CERDO EVISCERADO,"28454,1","22606,2",295,75,DERMATITIS/HEMATOMAS,,,40,"79,45%","96,45457627","76,63118644","74,58%",36,8:05,15:38,,,,0,1,"7,375","6,55","0,00",45,"95,87","100,00%","100,00%","74,58%"
21,18/5/2026,PPRO000099,5470,MOLINOS CHAMPION S.F,PP CANAL DE CERDO EVISCERADO,"13419,6","10182,55",120,,,,,42,"75,88%","111,83","84,85458333","100,00%",31,15:20,18:30,,,,0,,"2,857142857","3,17","0,31",38,"103,73","89,17%","90,23%","80,45%"
21,18/5/2026,PPRO000099,274,ENGORDE,PP CANAL DE CERDO EVISCERADO,"23425,1","18690,05",230,15,DERMATITIS/HEMATOMAS,,,40,"79,79%","101,8482609","81,26108696","93,48%",22,8:00,15:50,,,,0,1,"5,75","6,83","1,08",34,"124,32","81,16%","84,15%","63,84%"
21,19/5/2026,PPRO000209,,REPRODUCTORA,PP CANAL CERDO EVISCERADO REPRODUCTOR/A,"2728,6","2095,2",12,,,,,10,"76,79%","227,3833333","174,6","100,00%",22,16:55,17:40,,,,0,,"1,2","0,75","0,00",16,"126,98","100,00%","100,00%","100,00%"
21,19/5/2026,PPRO000099,5470,MOLINOS CHAMPION S.F,PP CANAL DE CERDO EVISCERADO,"7163,65","5471,403",60,,,,,42,"76,38%","119,3941667","91,19005","100,00%",23,16:20,18:10,,,,0,,"1,428571429","1,83","0,40",33,"129,76","71,67%","77,92%","55,84%"
21,19/5/2026,PPRO000099,274,ENGORDE,PP CANAL DE CERDO EVISCERADO,"22153,75","17005,45",241,70,DERMATITIS/HEMATOMAS,,,40,"76,76%","91,92427386","70,5620332","70,95%",22,7:00,16:55,,,,0,1,"6,025","8,92","2,89",27,"86,69","52,01%","67,57%","24,93%"
21,20/5/2026,PPRO000099,5470,MOLINOS CHAMPION S.F,PP CANAL DE CERDO EVISCERADO,"6989,3","5385,5",60,,,,,42,"77,05%","116,4883333","89,75833333","100,00%",20,13:35,16:30,,,,0,,"1,428571429","2,92","1,49",21,"92,32","0,00%","48,98%","0,00%"
21,20/5/2026,PPRO000099,274,ENGORDE,PP CANAL DE CERDO EVISCERADO,"19511,853","15751,35",175,5,DERMATITIS/HEMATOMAS,,,40,"80,73%","111,4963029","90,00771429","97,14%",23,6:00,10:45,,,,0,1,"4,375","3,75","0,00",47,"182,62","100,00%","100,00%","97,14%"
21,21/5/2026,PPRO000099,274,ENGORDE,PP CANAL DE CERDO EVISCERADO,"22388,4","18129,05",235,65,DERMATITIS/HEMATOMAS,,,40,"80,98%","95,26978723","77,14489362","72,34%",30,6:00,13:25,,,,0,1,"5,875","6,42","0,54",37,"94,18","90,78%","91,56%","60,13%"
21,23/5/2026,PPRO000099,274,ENGORDE,PP CANAL DE CERDO EVISCERADO,"26127,05","20917,6",233,15,DERMATITIS/HEMATOMAS,,,40,"80,06%","112,1332618","89,7751073","93,56%",32,6:00,12:13,,,,0,1,"5,825","5,22","0,00",45,"125,31","100,00%","100,00%","93,56%"
22,25/5/2026,PPRO000099,5470,MOLINOS CHAMPION S.F,PP CANAL DE CERDO EVISCERADO,"13266,25","10031,8",120,,,,,42,"75,62%","110,5520833","83,59833333","100,00%",27,13:25,16:43,,,,0,,"2,857142857","3,30","0,44",36,"112,59","84,50%","86,58%","73,16%"
22,25/5/2026,PPRO000099,274,PROPALCOL,PP CANAL DE CERDO EVISCERADO,"5726,05","4580,84",60,,,,,42,"80,00%","95,43416667","76,34733333","100,00%",27,11:50,13:50,,,,0,,"1,428571429","2,00","0,57",30,"84,83","60,00%","71,43%","42,86%"
22,25/5/2026,PPRO000099,274,ENGORDE,PP CANAL DE CERDO EVISCERADO,"17860,7","14288,2",169,10,DERMATITIS/HEMATOMAS,,,40,"80,00%","105,6846154","84,54556213","94,08%",27,6:00,11:15,,,,0,1,"4,225","4,25","0,03",40,"124,52","99,41%","99,41%","92,98%"
22,26/5/2026,PPRO000099,5470,MOLINOS CHAMPION S.F,PP CANAL DE CERDO EVISCERADO,"6579,05","4991,95",60,,,,,42,"75,88%","109,6508333","83,19916667","100,00%",37,11:25,13:10,,,,0,,"1,428571429","1,75","0,32",34,"77,1","77,50%","81,63%","63,27%"
22,26/5/2026,PPRO000099,274,ENGORDE,PP CANAL DE CERDO EVISCERADO,"22163,45","17607,7",231,75,DERMATITIS/HEMATOMAS,,,40,"79,44%","95,945671","76,22380952","67,53%",37,6:15,10:35,,,,0,1,"5,775","3,33","0,00",69,"142,77","100,00%","100,00%","67,53%"
22,27/5/2026,PPRO000099,5470,MOLINOS CHAMPION S.F,PP CANAL DE CERDO EVISCERADO,"6507,495","5035,2",60,,,,,42,"77,38%","108,45825","83,92","100,00%",27,15:35,17:16,,,,0,,"1,428571429","1,68","0,25",36,"110,79","82,17%","84,87%","69,73%"
22,27/5/2026,PPRO000099,274,ENGORDE,PP CANAL DE CERDO EVISCERADO,"25439,45","20328,1",241,5,DERMATITIS/HEMATOMAS,,,40,"79,91%","105,5578838","84,34896266","97,93%",27,6:00,15:53,,,,0,1,"6,025","8,88","2,86",27,"84,75","52,56%","67,82%","34,91%"
22,28/5/2026,PPRO000099,5470,MOLINOS CHAMPION S.F,PP CANAL DE CERDO EVISCERADO,"6146,85","4621,05",60,,,,,42,"75,18%","102,4475","77,0175","100,00%",27,14:53,16:10,,,,0,,"1,428571429","1,28","0,00",47,"133,36","100,00%","100,00%","100,00%"
22,30/5/2026,PPRO000099,274,ENGORDE,PP CANAL DE CERDO EVISCERADO,"32463,45","25767,7",332,75,DERMATITIS/HEMATOMAS,,,40,"79,37%","97,7814759","77,61355422","77,41%",26,6:00,17:45,,,,0,1,"8,3","10,75","2,45",31,"92,19","70,48%","77,21%","42,13%"
23,1/6/2026,PPRO000099,5470,MOLINOS CHAMPION S.F,PP CANAL DE CERDO EVISCERADO,13417,"10135,55",120,,,,,42,"75,54%","111,8083333","84,46291667","100,00%",25,12:10,16:00,,,,0,1,"2,857142857","2,83","0,00",42,"143,09","100,00%","100,00%","100,00%"
23,1/6/2026,PPRO000099,274,PROPALCOL,PP CANAL DE CERDO EVISCERADO,"5797,9","4638,32",60,,,,,42,"80,00%","96,63166667","77,30533333","100,00%",25,9:20,11:15,,,,0,,"1,428571429","1,92","0,49",31,"96,8","65,83%","74,53%","49,07%"
23,1/6/2026,PPRO000099,274,ENGORDE,PP CANAL DE CERDO EVISCERADO,6939,"5292,8",63,,,,,40,"76,28%","110,1428571","84,01269841","100,00%",26,7:00,9:15,,,,0,,"1,575","2,25","0,68",28,"90,48","57,14%","70,00%","40,00%"
23,1/6/2026,PPRO000209,,REPRODUCTORA,PP CANAL CERDO EVISCERADO REPRODUCTOR/A,"3641,1",2780,17,,,,,10,"76,35%","214,1823529","163,5294118","100,00%",26,15:30,17:30,,,,0,,"1,7","2,00","0,30",9,"53,46","82,35%","85,00%","70,00%"
23,2/6/2026,PPRO000099,274,ENGORDE,PP CANAL DE CERDO EVISCERADO,"18076,7","14251,9",169,10,DERMATITIS/HEMATOMAS,,,40,"78,84%","106,9627219","84,33076923","94,08%",35,6:10,11:10,,,,0,,"4,225","5,00","0,78",34,"81,44","81,66%","84,50%","64,92%"
23,2/6/2026,PPRO000099,5470,MOLINOS CHAMPION S.F,PP CANAL DE CERDO EVISCERADO,"12381,3","9301,3",120,,,,,42,"75,12%","103,1775","77,51083333","100,00%",35,11:45,14:46,,,,0,1,"2,857142857","2,02","0,00",60,"131,78","100,00%","100,00%","100,00%"
23,3/6/2026,PPRO000099,274,ENGORDE,PP CANAL DE CERDO EVISCERADO,"6822,1","5339,4",60,,,,,40,"78,27%","113,7016667","88,99","100,00%",23,11:35,14:05,,,,0,1,"1,5","1,50","0,00",40,"154,77","100,00%","100,00%","100,00%"
23,3/6/2026,PPRO000099,5470,MOLINOS CHAMPION S.F,PP CANAL DE CERDO EVISCERADO,6459,"4939,8",120,,,,,42,"76,48%","53,825","41,165","100,00%",23,13:40,16:23,,,,0,,"2,857142857","2,72","0,00",44,"79,06","100,00%","100,00%","100,00%"
23,3/6/2026,PPRO000099,274,MASTERTEC,PP CANAL DE CERDO EVISCERADO,"1183,1","946,48",13,,,,,42,"80,00%","91,00769231","72,80615385","100,00%",23,16:00,17:15,,,,0,,"0,3095238095","1,25","0,94",10,"32,92","0,00%","24,76%","0,00%"
23,4/6/2026,PPRO000099,274,ENGORDE,PP CANAL DE CERDO EVISCERADO,"21122,4","16612,8",210,20,DERMATITIS/HEMATOMAS,,,40,"78,65%","100,5828571","79,10857143","90,48%",24,6:00,14:05,,,,0,1,"5,25","7,08","1,83",30,"97,72","65,08%","74,12%","43,64%"
23,6/6/2026,PPRO000099,274,ENGORDE,PP CANAL DE CERDO EVISCERADO,"19156,15","15280,65",174,10,DERMATITIS/HEMATOMAS,,,40,"79,77%","110,0928161","87,81982759","94,25%",32,6:00,11:59,,,,0,,"4,35","5,98","1,63",29,"79,81","62,45%","72,70%","42,79%"
24,6/6/2026,PPRO000209,,REPRODUCTORA,PP CANAL CERDO EVISCERADO REPRODUCTOR/A,"3374,8",2568,15,,,,,10,"76,09%","224,9866667","171,2","100,00%",32,10:30,11:45,,,,0,1,"1,5","0,25","0,00",60,321,"100,00%","100,00%","100,00%"
24,8/6/2026,PPRO000099,5470,MOLINOS CHAMPION S.F,PP CANAL DE CERDO EVISCERADO,13842,"10440,9",120,,,,,42,"75,43%","115,35","87,0075","100,00%",34,13:20,16:58,,,,0,1,"2,857142857","2,63","0,00",46,"116,61","100,00%","100,00%","100,00%"
24,8/6/2026,PPRO000099,274,PROPALCOL,PP CANAL DE CERDO EVISCERADO,"6043,7","4834,96",60,,,,,42,"80,00%","100,7283333","80,58266667","100,00%",34,10:40,12:45,,,,0,,"1,428571429","2,08","0,65",29,"68,26","54,17%","68,57%","37,14%"
24,8/6/2026,PPRO000099,274,ENGORDE,PP CANAL DE CERDO EVISCERADO,"19443,75","14883,2",180,20,DERMATITIS/HEMATOMAS,,,40,"76,54%","108,0208333","82,68444444","88,89%",34,6:05,11:10,,,,0,,"4,5","5,08","0,58",35,"86,11","87,04%","88,52%","68,49%"
24,9/6/2026,PPRO000099,5470,MOLINOS CHAMPION S.F,PP CANAL DE CERDO EVISCERADO,"13559,65","10242,95",120,,,,,42,"75,54%","112,9970833","85,35791667","100,00%",34,11:40,14:40,,,,0,1,"2,857142857","2,00","0,00",60,"150,63","100,00%","100,00%","100,00%"
24,9/6/2026,PPRO000099,274,ENGORDE,PP CANAL DE CERDO EVISCERADO,"12513,1","9930,2",120,15,DERMATITIS/HEMATOMAS,,,40,"79,36%","104,2758333","82,75166667","87,50%",34,6:06,10:55,,,,0,,3,"4,82","1,82",25,"60,64","39,44%","62,28%","21,50%"
24,10/6/2026,PPRO000099,5470,MOLINOS CHAMPION S.F,PP CANAL DE CERDO EVISCERADO,"6274,2","4662,15",60,,,,,42,"74,31%","104,57","77,7025","100,00%",27,12:35,14:40,,,,0,,"1,428571429","2,08","0,65",29,"82,88","54,17%","68,57%","37,14%"
24,10/6/2026,PPRO000099,274,ENGORDE,PP CANAL DE CERDO EVISCERADO,"19483,9","15600,85",170,12,DERMATITIS/HEMATOMAS,,,40,"80,07%","114,6111765","91,76970588","92,94%",27,7:00,11:52,,,,0,1,"4,25","3,87","0,00",44,"149,43","100,00%","100,00%","92,94%"
24,11/6/2026,PPRO000099,274,ENGORDE,PP CANAL DE CERDO EVISCERADO,"19128,25","15095,85",181,15,DERMATITIS/HEMATOMAS,,,40,"78,92%","105,6809392","83,40248619","91,71%",26,7:00,13:19,,,,0,1,"4,525","5,32","0,79",34,"109,21","82,50%","85,11%","64,40%"
24,13/6/2026,PPRO000099,274,ENGORDE,PP CANAL DE CERDO EVISCERADO,"19979,05","15733,2",184,17,DERMATITIS/HEMATOMAS,,,40,"78,75%","108,5817935","85,50652174","90,76%",34,6:00,10:20,,,,0,,"4,6","4,33","0,00",42,"106,79","100,00%","100,00%","90,76%"
24,13/6/2026,PPRO000209,,REPRODUCTORA,PP CANAL CERDO EVISCERADO REPRODUCTOR/A,"3822,25","3000,9",17,,,,,10,"78,51%","224,8382353","176,5235294","100,00%",34,11:15,13:15,,,,0,1,"1,7","1,00","0,00",17,"88,26","100,00%","100,00%","100,00%"
25,15/6/2026,PPRO000099,5470,MOLINOS CHAMPION S.F,PP CANAL DE CERDO EVISCERADO,"12904,3","9896,85",120,,,,,42,"76,69%","107,5358333","82,47375","100,00%",33,12:00,17:10,,,,0,,"2,857142857","5,17","2,31",23,"58,05","19,17%","55,30%","10,60%"
25,15/6/2026,PPRO000099,274,ENGORDE,PP CANAL DE CERDO EVISCERADO,"17867,65","14283,75",165,10,DERMATITIS/HEMATOMAS,,,40,"79,94%","108,2887879","86,56818182","93,94%",33,6:00,12:30,8:55,9:40,FALTA MATERIA PRIMA,"0,75",1,"4,125","4,75","0,63",35,"91,12","66,67%","86,84%","54,39%"
25,16/6/2026,PPRO000099,5470,MOLINOS CHAMPION S.F,PP CANAL DE CERDO EVISCERADO,"12961,05","9936,15",120,,,,,42,"76,66%","108,00875","82,80125","100,00%",33,13:15,16:35,,,,0,,"2,857142857","3,33","0,48",36,"90,33","83,33%","85,71%","71,43%"
25,16/6/2026,PPRO000099,274,CHICKENCORP,PP CANAL DE CERDO EVISCERADO,"1574,5","1220,8",20,,,,,42,"77,54%","78,725","61,04","100,00%",33,11:17,12:10,,,,0,1,"0,4761904762","0,88","0,41",23,"41,88","14,50%","53,91%","7,82%"
25,16/6/2026,PPRO000099,274,ENGORDE,PP CANAL DE CERDO EVISCERADO,"15502,6","12146,3",151,15,DERMATITIS/HEMATOMAS,,,40,"78,35%","102,6662252","80,43907285","90,07%",34,7:00,11:39,8:50,9:30,MECANICO,"0,6666666667",,"3,775","3,98","0,21",38,"89,68","76,82%","94,77%","65,57%"
25,17/6/2026,PPRO000099,5470,MOLINOS CHAMPION S.F,PP CANAL DE CERDO EVISCERADO,"6311,65","4748,75",60,13,DERMATITIS/HEMATOMAS,,,42,"75,24%","105,1941667","79,14583333","78,33%",39,8:30,10:25,,,,0,,"1,428571429","1,92","0,49",31,"63,53","65,83%","74,53%","38,44%"
25,17/6/2026,PPRO000099,274,ENGORDE,PP CANAL DE CERDO EVISCERADO,"20159,75","16316,25",181,25,DERMATITIS/HEMATOMAS,,,40,"80,93%","111,3798343","90,14502762","86,19%",39,7:00,13:15,,,,0,1,"4,525","5,25","0,73",34,"79,69","83,98%","86,19%","62,38%"
25,18/6/2026,PPRO000099,274,ENGORDE,PP CANAL DE CERDO EVISCERADO,"21393,25","17419,35",181,17,LACERACIONES/HEMATOMAS,,,40,"81,42%","118,1947514","96,23950276","90,61%",30,7:00,12:10,,,,0,1,"4,525","4,17","0,00",43,"139,35","100,00%","100,00%","90,61%"
25,20/062026,PPRO000099,274,ENGORDE,PP CANAL DE CERDO EVISCERADO,"25191,3","19918,65",270,5,RABOS FRACTURADOS,,,40,"79,07%","93,30111111","73,77277778","98,15%",30,6:00,18:00,14:30,16:00,FALTA MATERIA PRIMA,"1,5",,"6,75","10,50","3,75",26,"63,23","22,22%","64,29%","14,02%"
25,20/062026,PPRO000209,,REPRODUCTORA,PP CANAL CERDO EVISCERADO REPRODUCTOR/A,"3590,1","2742,85",17,,,,,10,"76,40%","211,1823529","161,3441176","100,00%",30,6:00,8:15,,,,0,,"1,7","2,25","0,55",8,"40,63","67,65%","75,56%","51,11%"
26,22/6/2026,PPRO000099,5470,MOLINOS CHAMPION S.F,PP CANAL DE CERDO EVISCERADO,"11592,25","8561,75",120,,,,,42,"73,86%","96,60208333","71,34791667","100,00%",30,8:15,11:50,,,,0,,"2,857142857","3,58","0,73",33,"79,64","74,58%","79,73%","59,47%"
26,22/6/2026,PPRO000099,274,ENGORDE,PP CANAL DE CERDO EVISCERADO,"18890,55","15291,45",180,7,RABOS/COLUMNAS FRACTURADAS,,,40,"80,95%","104,9475","84,9525","96,11%",30,6:15,18:20,10:13,10:38,MECANICO,"0,4166666667",1,"4,5","10,67","6,17",17,"47,79","0,00%","42,19%","0,00%"
26,23/6/2026,PPRO000099,5470,MOLINOS CHAMPION S.F,PP CANAL DE CERDO EVISCERADO,"12224,45","9072,3",120,,,,,42,"74,21%","101,8704167","75,6025","100,00%",38,8:20,11:45,,,,0,,"2,857142857","3,42","0,56",35,"69,88","80,42%","83,62%","67,25%"
26,23/6/2026,PPRO000099,274,ENGORDE,PP CANAL DE CERDO EVISCERADO,"19070,5","15536,5",181,6,RABOS/COLUMNAS FRACTURADAS,,,40,"81,47%","105,3618785","85,83701657","96,69%",38,7:00,15:53,,,,0,1,"4,525","7,88","3,36",23,"51,86","25,78%","57,40%","14,31%"
26,24/6/2026,PPRO000099,5470,MOLINOS CHAMPION S.F,PP CANAL DE CERDO EVISCERADO,"6929,9","5085,15",60,,,,,42,"73,38%","115,4983333","84,7525","100,00%",23,7:00,9:20,,,,0,,"1,428571429","2,33","0,90",26,"94,75","36,67%","61,22%","22,45%"
26,24/6/2026,PPRO000099,5470,MOLINOS CHAMPION S.F,PP CANAL DE CERDO EVISCERADO,"6929,9","5085,15",60,6,RABOS/COLUMNAS FRACTURADAS,,,42,"73,38%","115,4983333","84,7525","90,00%",23,7:00,9:20,,,,0,,"1,428571429","2,33","0,90",26,"94,75","36,67%","61,22%","20,20%"
26,24/6/2026,PPRO000099,274,GANADERIA OVIA,PP CANAL DE CERDO EVISCERADO,"6559,65","4891,35",60,4,RABOS/COLUMNAS FRACTURADAS,,,42,"74,57%","109,3275","81,5225","93,33%",29,10:45,12:36,,,,0,,"1,428571429","1,85","0,42",32,"91,17","70,50%","77,22%","50,81%"
26,24/6/2026,PPRO000099,274,ENGORDE,PP CANAL DE CERDO EVISCERADO,"20151,4","16011,9",223,11,COLUMNAS FRACTURADAS,,,40,"79,46%","90,36502242","71,80224215","95,07%",29,8:50,18:35,,,,0,1,"5,575","8,75","3,18",25,"63,1","43,05%","63,71%","26,08%"
26,25/6/2026,PPRO000099,274,ENGORDE,PP CANAL DE CERDO EVISCERADO,"15413,85","12213,7",180,9,RABOS/COLUMNAS FRACTURADAS,,,40,"79,24%","85,6325","67,85388889","95,00%",28,11:45,16:30,11:00,11:45,MECANICO,"0,75",1,"4,5","3,00","0,00",60,"145,4","83,33%","100,00%","79,17%"
26,27/6/2026,PPRO000099,274,ENGORDE,PP CANAL DE CERDO EVISCERADO,"23383,4","18620,4",218,23,RABOS/COLUMNAS FRACTURADAS,,,40,"79,63%","107,2633028","85,4146789","89,45%",33,6:00,11:03,,,,0,1,"5,45","4,05","0,00",54,"139,32","100,00%","100,00%","89,45%"
26,27/6/2026,PPRO000209,,REPRODUCTORA,PP CANAL CERDO EVISCERADO REPRODUCTOR/A,"2689,4","1986,95",12,3,RABOS/COLUMNAS FRACTURADAS,,,10,"73,88%","224,1166667","165,5791667","75,00%",33,10:40,12:20,,,,0,1,"1,2","0,67","0,00",18,"90,32","100,00%","100,00%","75,00%"
27,29/6/2026,PPRO000099,5470,MOLINOS CHAMPION S.F,PP CANAL DE CERDO EVISCERADO,12580,"9346,1",120,13,RABOS/COLUMNAS FRACTURADAS,,,42,"74,29%","104,8333333","77,88416667","89,17%",20,6:40,11:13,,,,0,,"2,857142857","4,55","1,69",26,"102,7","40,75%","62,79%","22,82%"
27,29/6/2026,PPRO000099,274,ENGORDE,PP CANAL DE CERDO EVISCERADO,"13807,85","10819,7",120,5,RABOS/COLUMNAS FRACTURADAS,,,40,"78,36%","115,0654167","90,16416667","95,83%",28,11:40,15:30,,,,0,1,3,"2,83","0,00",42,"136,38","100,00%","100,00%","95,83%"
27,30/6/2026,PPRO000099,5470,MOLINOS CHAMPION S.F,PP CANAL DE CERDO EVISCERADO,"12903,65","9609,45",120,6,RABOS/COLUMNAS FRACTURADAS,,,42,"74,47%","107,5304167","80,07875","95,00%",30,8:35,12:30,10:25,10:45,MECANICO,"0,3333333333",,"2,857142857","3,58","0,73",33,"89,39","62,92%","79,73%","47,66%"
27,30/6/2026,PPRO000099,274,ENGORDE,PP CANAL DE CERDO EVISCERADO,"18203,85","14477,15",180,7,RABOS/COLUMNAS FRACTURADAS,,,40,"79,53%","101,1325","80,42861111","96,11%",34,7:10,16:00,,,,0,1,"4,5","7,83","3,33",23,"54,36","25,93%","57,45%","14,31%"
27,1/7/2026,PPRO000099,5470,MOLINOS CHAMPION S.F,PP CANAL DE CERDO EVISCERADO,"6913,95","5255,6",60,2,RABOS Y COLUMNAS FRACTURADAS,,,42,"76,01%","115,2325","87,59333333","96,67%",27,7:00,8:50,,,,,,"1,428571429","1,83","0,40",33,"106,17","71,67%","77,92%","53,98%"
27,1/7/2026,PPRO000099,274,ENGORDE,PP CANAL DE CERDO EVISCERADO,"19198,35","15751,8",180,7,RABOS Y COLUMNAS FRACTURADAS,,,40,"82,05%","106,6575","87,51","96,11%",29,8:25,14:15,,,,,1,"4,5","4,83","0,33",37,"112,38","92,59%","93,10%","82,85%"
27,2/7/2026,PPRO000099,274,ENGORDE,PP CANAL DE CERDO EVISCERADO,"21729,4","17544,5",219,10,RABOS Y COLUMNAS FRACTURADAS,,,40,"80,74%","99,22100457","80,11187215","0,9543378995",37,7:00,12:36,,,,,1,"5,475","4,60","0,00",48,"103,08","100,00%","100,00%","95,43%"
27,4/7/2026,PPRO000099,274,ENGORDE,PP CANAL DE CERDO EVISCERADO,"23937,5","19344,7",220,10,RABOS Y COLUMNAS FRACTURADAS,,,40,"80,81%","108,8068182","87,93045455","0,9545454545",23,6:20,14:10,,,,,1,"5,5","6,83","1,33",32,"123,08","75,76%","80,49%","58,20%"
27,4/7/2026,PPRO000209,,REPRODUCTORA,PP CANAL CERDO EVISCERADO REPRODUCTOR/A,"3587,95","2644,1",15,3,RABOS Y COLUMNAS FRACTURADAS,,,10,"73,69%","239,1966667","176,2733333","0,8",23,13:45,16:15,,,,,,"1,5","2,50","1,00",6,"45,98","33,33%","60,00%","16,00%"
28,6/7/2026,PPRO000099,5470,MOLINOS CHAMPION S.F,PP CANAL DE CERDO EVISCERADO,6421,"4776,55",60,,,,,42,"74,39%","107,0166667","79,60916667",1,22,6:00,8:15,,,,,,"1,428571429","2,25","0,82",27,"96,5","42,50%","63,49%","26,98%"
28,6/7/2026,PPRO000099,274,ENGORDE,PP CANAL DE CERDO EVISCERADO,"17752,05","14401,95",150,10,RABOS Y COLUMNAS FRACTURADAS,,,40,"81,13%","118,347","96,013","0,9333333333",22,7:50,16:35,,,,,1,"3,75","7,75","4,00",19,"84,47","0,00%","48,39%","0,00%"
28,7/7/2026,PPRO000099,5470,MOLINOS CHAMPION S.F,PP CANAL DE CERDO EVISCERADO,"6576,4","4790,9",60,2,RABOS Y COLUMNAS FRACTURADAS,,,42,"72,85%","109,6066667","79,84833333","0,9666666667",24,8:10,10:10,,,,,,"1,428571429","2,00","0,57",30,"99,81","60,00%","71,43%","41,43%"
28,7/7/2026,PPRO000099,274,ENGORDE,PP CANAL DE CERDO EVISCERADO,"22582,4","18259,9",240,12,RABOS Y COLUMNAS FRACTURADAS,,,40,"80,86%","94,09333333","76,08291667","0,95",26,9:40,18:10,14:05,15:20,MECANICO,,1,6,"7,50","1,50",32,"93,64","75,00%","80,00%","57,00%"
28,8/7/2026,PPRO000099,5470,MOLINOS CHAMPION S.F,PP CANAL DE CERDO EVISCERADO,"13064,65","9781,3",120,3,RABOS Y COLUMNAS FRACTURADAS,,,42,"74,87%","108,8720833","81,51083333","0,975",24,8:00,11:00,,,,,,"2,857142857","3,00","0,14",40,"135,85","95,00%","95,24%","88,21%"
28,8/7/2026,PPRO000099,274,ENGORDE,PP CANAL DE CERDO EVISCERADO,"17284,15","13353,4",160,6,RABOS Y COLUMNAS FRACTURADAS,,,40,"77,26%","108,0259375","83,45875","0,9625",24,12:15,16:45,14:10,14:43,MECANICO,,1,4,"3,50","0,00",46,"158,97","100,00%","100,00%","96,25%"
28,9/7/2026,PPRO000099,5470,MOLINOS CHAMPION S.F,PP CANAL DE CERDO EVISCERADO,"6859,7","5264,1",60,2,RABOS Y COLUMNAS FRACTURADAS,,,42,"76,74%","114,3283333","87,735","0,9666666667",30,8:15,9:50,,,,,,"1,428571429","1,58","0,15",38,"110,82","89,17%","90,23%","77,77%"
28,9/7/2026,PPRO000099,274,ENGORDE,PP CANAL DE CERDO EVISCERADO,"22256,9","18009,15",200,0,,,,40,"80,91%","111,2845","90,04575",1,30,9:35,15:45,,,,,1,5,"5,17","0,17",39,"116,19","96,67%","96,77%","93,55%"
28,11/7/2026,PPRO000099,274,ENGORDE,PP CANAL DE CERDO EVISCERADO,"27884,35","22575,40",242,5,RABOS Y COLUMNAS FRACTURADAS,,,40,"80,96%","115,2245868","93,28677686","0,979338843",29,6:00,12:58,,,,,1,"6,05","5,97","0,00",41,"130,47","100,00%","100,00%","97,93%"
28,11/7/2026,PPRO000209,,REPRODUCTORA,PP CANAL CERDO EVISCERADO REPRODUCTOR/A,"3331,6","2633,75",17,,,,,10,"79,05%","195,9764706","154,9264706",1,29,13:50,15:55,,,,,,"1,7","2,08","0,38",8,"43,59","77,45%","81,60%","63,20%"
29,13/7/2026,PPRO000099,5470,MOLINOS CHAMPION S.F,PP CANAL DE CERDO EVISCERADO,"6303,45","4709,4",60,3,RABOS Y COLUMNAS FRACTURADAS,,,42,"74,71%","105,0575","78,49","0,95",25,7:20,9:30,,,,,,"1,428571429","2,17","0,74",28,"86,94","48,33%","65,93%","30,27%"
29,13/7/2026,PPRO000099,274,ENGORDE,PP CANAL DE CERDO EVISCERADO,"17597,6","14478,7",151,4,RABOS Y COLUMNAS FRACTURADAS,,,40,"82,28%","116,5403974","95,88543046","0,9735099338",25,9:05,16:40,14:00,14:35,FALTA MATERIA PRIMA,,1,"3,775","6,58","2,81",23,"87,97","25,61%","57,34%","14,29%"
29,14/7/2026,PPRO000099,5470,MOLINOS CHAMPION S.F,PP CANAL DE CERDO EVISCERADO,"6788,8",5027,60,3,RABOS Y COLUMNAS FRACTURADAS,,,42,"74,05%","113,1466667","83,78333333","0,95",25,7:00,9:00,,,,,,"1,428571429","2,00","0,57",30,"100,54","60,00%","71,43%","40,71%"
29,14/7/2026,PPRO000099,274,ENGORDE,PP CANAL DE CERDO EVISCERADO,22151.10,18032.65,205,4,RABOS Y COLUMNAS FRACTURADAS,,,40, , , ,"0,9804878049",24,8:25,15:15,,,,,1,"5,125","5,83","0,71",35,#VALUE!,"86,18%","87,86%","74,24%"
29,15/7/2026,PPRO000099,5470,MOLINOS CHAMPION S.F,PP CANAL DE CERDO EVISCERADO,13768.00,10471.20,120,3,RABOS Y COLUMNAS FRACTURADAS,,,42, , , ,"0,975",,,,,,,,,"2,857142857","0,00","0,00",#DIV/0!,#VALUE!,"100,00%","0,00%","0,00%"
29,15/7/2026,PPRO000099,274,ENGORDE,PP CANAL DE CERDO EVISCERADO,19945.80,16296.80,180,6,RABOS Y COLUMNAS FRACTURADAS,,,40, , , ,"0,9666666667",,,,15:45,16:34,MECANICO,,1,"4,5","-1,00","0,00",-180,#VALUE!,"100,00%","-450,00%","-435,00%"
29,16/7/2026,PPRO000099,274,ENGORDE,PP CANAL DE CERDO EVISCERADO,23389.30,19053.15,216,7,RABOS Y COLUMNAS FRACTURADAS,,,40, , , ,"0,9675925926",26,7:00,14:00,,,,,1,"5,4","6,00","0,60",36,#VALUE!,"88,89%","90,00%","77,41%"
29,18/7/2026,PPRO000099,274,ENGORDE,PP CANAL DE CERDO EVISCERADO,26925.70,21620.65,242,6,RABOS Y COLUMNAS FRACTURADAS,,,40, , , ,"0,9752066116",21,6:30,15:58,,,,,,"6,05","9,47","3,42",26,#VALUE!,"43,53%","63,91%","27,13%"
29,18/7/2026,PPRO000209,,REPRODUCTORA,PP CANAL CERDO EVISCERADO REPRODUCTOR/A,3046.60,2309.35,13,,,,,10, , , ,1,21,15:21,17:30,,,,,,"1,3","2,15","0,85",6,#VALUE!,"34,62%","60,47%","20,93%"
30,20/7/2026,PPRO000099,5470,MOLINOS CHAMPION S.F,PP CANAL DE CERDO EVISCERADO,12589.60,9326.25,120,6,RABOS Y COLUMNAS FRACTURADAS,,,42, , , ,"0,95",21,8:00,12:35,,,,,,"2,857142857","4,58","1,73",26,#VALUE!,"39,58%","62,34%","23,44%"
30,20/7/2026,PPRO000099,274,ENGORDE,PP CANAL DE CERDO EVISCERADO,20916.55,16779.90,180,7,RABOS Y COLUMNAS FRACTURADAS,,,40, , , ,"0,9611111111",21,13:15,20:30,,,,,1,"4,5","6,25","1,75",29,#VALUE!,"61,11%","72,00%","42,29%"
30,21/7/2026,PPRO000099,5470,MOLINOS CHAMPION S.F,PP CANAL DE CERDO EVISCERADO,6660.35,4994.30,60,1,RABOS Y COLUMNAS FRACTURADAS,,,42, , , ,"0,9833333333",21,8:15,10:18,,,,,,"1,428571429","2,05","0,62",29,#VALUE!,"56,50%","69,69%","38,72%"
30,21/7/2026,PPRO000099,274,ENGORDE,PP CANAL DE CERDO EVISCERADO,13069.05,10653.95,120,5,RABOS Y COLUMNAS FRACTURADAS,,,40, , , ,"0,9583333333",21,13:30,16:15,,,,,1,3,"1,75","0,00",69,#VALUE!,"100,00%","100,00%","95,83%"
30,22/7/2026,PPRO000099,5470,MOLINOS CHAMPION S.F,PP CANAL DE CERDO EVISCERADO,"6446,9","4939,75",60,2,RABOS Y COLUMNAS FRACTURADAS,,,42,"76,62%","107,4483333","82,32916667","0,9666666667",28,8:15,10:20,,,,,,"1,428571429","2,08","0,65",29,"84,68","54,17%","68,57%","35,90%"
30,22/7/2026,PPRO000099,274,ENGORDE,PP CANAL DE CERDO EVISCERADO,"6944,5","5578,75",70,1,RABOS Y COLUMNAS FRACTURADAS,,,40,"80,33%","99,20714286","79,69642857","0,9857142857",28,14:20,16:30,,,,,,"1,75","2,17","0,42",32,"91,96","76,19%","80,77%","60,66%"
30,22/7/2026,PPRO000099,274,ENGORDE,PP CANAL DE CERDO EVISCERADO,"19463,65","15866,85",178,5,RABOS Y COLUMNAS FRACTURADAS,,,40,"81,52%","109,3463483","89,13960674","0,9719101124",28,11:00,17:15,,,,,1,"4,45","5,25","0,80",34,"107,94","82,02%","84,76%","67,57%"
30,23/7/2026,PPRO000099,274,ENGORDE,PP CANAL DE CERDO EVISCERADO,"26370,4","21442,15",251,2,RABOS Y COLUMNAS FRACTURADAS,,,40,"81,31%","105,0613546","85,42689243","0,9920318725",21,8:00,18:04,,,,,1,"6,275","9,07","2,79",28,"112,62","55,51%","69,21%","38,11%"
30,24/7/2026,PPRO000099,274,ENGORDE,PP CANAL DE CERDO EVISCERADO,"26421,3","21167,45",247,5,RABOS Y COLUMNAS FRACTURADAS,,,40,"80,12%","106,9688259","85,69817814","0,979757085",,8:05,16:21,,,,,1,"6,175","7,27","1,09",34,#DIV/0!,"82,32%","84,98%","68,54%"
30,24/7/2026,PPRO000209,,REPRODUCTORA,PP CANAL CERDO EVISCERADO REPRODUCTOR/A,"3357,65","2678,9",16,7,RABOS Y COLUMNAS FRACTURADAS,,,10,"79,78%","209,853125","167,43125","0,5625",,16:00,17:35,,,,,,"1,6","1,58","0,00",10,#DIV/0!,"100,00%","100,00%","56,25%"
31,27/7/2026,PPRO000099,5470,MOLINOS CHAMPION S.F,PP CANAL DE CERDO EVISCERADO,"6547,05","4883,35",60,3,RABOS Y COLUMNAS FRACTURADAS,,,42,"74,59%","109,1175","81,38916667","0,95",20,8:10,10:28,,,,,,"1,428571429","2,30","0,87",26,"106,16","39,00%","62,11%","23,01%"
31,27/7/2026,PPRO000099,274,ENGORDE,PP CANAL DE CERDO EVISCERADO,"12078,9","9695,65",120,5,RABOS Y COLUMNAS FRACTURADAS,,,40,"80,27%","100,6575","80,79708333","0,9583333333",20,12:45,17:10,,,,,1,3,"3,42","0,42",35,"141,89","86,11%","87,80%","72,46%"
31,28/7/2026,PPRO000099,5470,MOLINOS CHAMPION S.F,PP CANAL DE CERDO EVISCERADO,"6643,15","5039,35",60,0,,,,42,"75,86%","110,7191667","83,98916667",1,21,8:10,10:25,,,,,,"1,428571429","2,25","0,82",27,"106,65","42,50%","63,49%","26,98%"
31,28/7/2026,PPRO000099,274,ENGORDE,PP CANAL DE CERDO EVISCERADO,"15319,7","12161,35",150,5,RABOS Y COLUMNAS FRACTURADAS,,,40,"79,38%","102,1313333","81,07566667","0,9666666667",21,10:00,16:41,,,,,1,"3,75","5,68","1,93",26,"101,9","48,44%","65,98%","30,90%"
31,29/7/2026,PPRO000099,5470,MOLINOS CHAMPION S.F,PP CANAL DE CERDO EVISCERADO,"12731,45","9635,35",120,4,RABOS Y COLUMNAS FRACTURADAS,,,42,"75,68%","106,0954167","80,29458333","0,9666666667",19,8:15,12:41,,,,,,"2,857142857","4,43","1,58",27,"114,39","44,83%","64,45%","27,93%"
31,29/7/2026,PPRO000099,274,ENGORDE,PP CANAL DE CERDO EVISCERADO,"6883,95","5593,25",70,1,RABOS Y COLUMNAS FRACTURADAS,,,40,"81,25%","98,34214286","79,90357143","0,9857142857",19,14:55,17:03,,,,,,"1,75","2,13","0,38",33,"137,99","78,10%","82,03%","63,15%"
31,29/7/2026,PPRO000099,274,ENGORDE,PP CANAL DE CERDO EVISCERADO,"6202,9","5050,1",60,5,RABOS Y COLUMNAS FRACTURADAS,,,40,"81,42%","103,3816667","84,16833333","0,9166666667",19,13:15,15:15,,,,,1,"1,5","1,00","0,00",60,"265,79","100,00%","100,00%","91,67%"
31,30/7/2026,PPRO000099,274,ENGORDE,PP CANAL DE CERDO EVISCERADO,"12291,4","9853,7",120,2,RABOS Y COLUMNAS FRACTURADAS,,,40,"80,17%","102,4283333","82,11416667","0,9833333333",26,12:45,16:40,,,,,1,3,"2,92","0,00",41,"129,94","100,00%","100,00%","98,33%"
31,31/7/2026,PPRO000099,274,ENGORDE,PP CANAL DE CERDO EVISCERADO,"23424,5","18999,8",231,4,RABOS Y COLUMNAS FRACTURADAS,,,40,"81,11%","101,4047619","82,25021645","0,9826839827",29,8:00,14:58,,,,,1,"5,775","5,97","0,19",39,"109,8","96,68%","96,79%","91,96%"
31,31/7/2026,PPRO000209,,REPRODUCTORA,PP CANAL CERDO EVISCERADO REPRODUCTOR/A,"2441,9","1831,25",10,5,RABOS Y COLUMNAS FRACTURADAS,,,10,"74,99%","244,19","183,125","0,5",29,14:32,15:38,,,,,,1,"1,10","0,10",9,"57,41","90,00%","90,91%","40,91%"
31,1/8/2026,PPRO000099,274,ENGORDE,PP CANAL DE CERDO EVISCERADO,"20409,85","16479,45",180,3,RABOS Y COLUMNAS FRACTURADAS,,,40,"80,74%","113,3880556","91,5525","0,9833333333",34,8:00,13:53,,,,,1,"4,5","4,88","0,38",37,"99,25","91,48%","92,15%","82,90%"
32,3/8/2026,PPRO000099,5470,MOLINOS CHAMPION S.F,PP CANAL DE CERDO EVISCERADO,"6582,45","5001,75",60,2,RABOS Y COLUMNAS FRACTURADAS,,,42,"75,99%","109,7075","83,3625","0,9666666667",,,,,,,,,"1,428571429","0,00","0,00",#DIV/0!,#DIV/0!,"100,00%","0,00%","0,00%"
32,3/8/2026,PPRO000099,274,ENGORDE,PP CANAL DE CERDO EVISCERADO,"18984,35","15662,6",168,5,RABOS Y COLUMNAS FRACTURADAS,,,40,"82,50%","113,0020833","93,2297619","0,9702380952",,,,,,,,1,"4,2","-1,00","0,00",-168,#DIV/0!,"100,00%","-420,00%","-407,50%"
32,4/8/2026,PPRO000099,5470,MOLINOS CHAMPION S.F,PP CANAL DE CERDO EVISCERADO,"6835,5","5272,6",60,2,RABOS Y COLUMNAS FRACTURADAS,,,42,"77,14%","113,925","87,87666667","0,9666666667",,,,,,,,,"1,428571429","0,00","0,00",#DIV/0!,#DIV/0!,"100,00%","0,00%","0,00%"
32,4/8/2026,PPRO000099,274,ENGORDE,PP CANAL DE CERDO EVISCERADO,"17530,8",14275,165,5,RABOS Y COLUMNAS FRACTURADAS,,,40,"81,43%","106,2472727","86,51515152","0,9696969697",,,,,,,,1,"4,125","-1,00","0,00",-165,#DIV/0!,"100,00%","-412,50%","-400,00%"
32,5/8/2026,PPRO000099,5470,MOLINOS CHAMPION S.F,PP CANAL DE CERDO EVISCERADO,"6352,05","4781,05",60,3,RABOS Y COLUMNAS FRACTURADAS,,,42,"75,27%","105,8675","79,68416667","0,95",18,8:00,11:15,,,,,,"1,428571429","3,25","1,82",18,"81,73","0,00%","43,96%","0,00%"
32,5/8/2026,PPRO000099,274,ENGORDE,PP CANAL DE CERDO EVISCERADO,"6843,6","5488,85",70,1,RABOS Y COLUMNAS FRACTURADAS,,,40,"80,20%","97,76571429","78,41214286","0,9857142857",26,14:20,16:45,,,,,,"1,75","2,42","0,67",29,"87,36","61,90%","72,41%","44,19%"
32,5/8/2026,PPRO000099,274,ENGORDE,PP CANAL DE CERDO EVISCERADO,"11356,25","9175,95",110,4,RABOS Y COLUMNAS FRACTURADAS,,,40,"80,80%","103,2386364","83,41772727","0,9636363636",26,12:00,14:41,,,,,1,"2,75","1,68","0,00",65,"209,66","100,00%","100,00%","96,36%"
32,7/8/2026,PPRO000099,274,ENGORDE,PP CANAL DE CERDO EVISCERADO,"23344,25","18899,85",221,2,RABOS Y COLUMNAS FRACTURADAS,,,40,"80,96%","105,6300905","85,51968326","0,9909502262",25,7:00,15:24,,,,,1,"5,525","7,40","1,88",30,"102,16","66,06%","74,66%","48,88%"
32,7/8/2026,PPRO000209,,REPRODUCTORA,PP CANAL CERDO EVISCERADO REPRODUCTOR/A,"3394,35","2543,6",15,0,,,,10,"74,94%","226,29","169,5733333",1,25,15:50,17:20,,,,,,"1,5","1,50","0,00",10,"67,83","100,00%","100,00%","100,00%"
32,8/8/2026,PPRO000099,274,ENGORDE,PP CANAL DE CERDO EVISCERADO,"25474,7",20890,215,5,RABOS Y COLUMNAS FRACTURADAS,,,40,"82,00%","118,4869767","97,1627907","0,976744186",25,7:00,14:30,,,,,1,"5,375","6,50","1,13",33,"128,55","79,07%","82,69%","63,86%"
33,11/8/2026,PPRO000099,5470,MOLINOS CHAMPION S.F,PP CANAL DE CERDO EVISCERADO,13383,"10142,45",120,5,RABOS Y COLUMNAS FRACTURADAS,,,42,"75,79%","111,525","84,52041667","0,9583333333",30,7:00,10:47,,,,,,"2,857142857","3,78","0,93",32,"89,36","67,58%","75,52%","48,91%"
33,11/8/2026,PPRO000099,274,ENGORDE,PP CANAL DE CERDO EVISCERADO,"12406,25","10254,8",120,6,RABOS Y COLUMNAS FRACTURADAS,,,40,"82,66%","103,3854167","85,45666667","0,95",30,10:20,15:25,15:20,16:30,LIMPIEZA,,1,3,"4,08","1,08",29,"83,71","63,89%","73,47%","44,59%"
33,12/8/2026,PPRO000099,5470,MOLINOS CHAMPION S.F,PP CANAL DE CERDO EVISCERADO,"6613,55","4950,7",60,3,RABOS Y COLUMNAS FRACTURADAS,,,42,"74,86%","110,2258333","82,51166667","0,95",28,7:00,8:52,,,,,,"1,428571429","1,87","0,44",32,"94,72","69,33%","76,53%","50,41%"
33,12/8/2026,PPRO000099,274,ENGORDE,PP CANAL DE CERDO EVISCERADO,"6988,75","5594,65",70,1,RABOS Y COLUMNAS FRACTURADAS,,,40,"80,05%","99,83928571","79,92357143","0,9857142857",28,12:45,15:20,,,,,,"1,75","2,58","0,83",27,"77,35","52,38%","67,74%","34,98%"
33,12/8/2026,PPRO000099,274,ENGORDE,PP CANAL DE CERDO EVISCERADO,"14588,7","12038,35",120,6,RABOS Y COLUMNAS FRACTURADAS,,,40,"82,52%","121,5725","100,3195833","0,95",28,8:30,13:15,,,,,1,3,"3,75","0,75",32,"114,65","75,00%","80,00%","57,00%"
33,13/8/2026,PPRO000099,274,ENGORDE,PP CANAL DE CERDO EVISCERADO,"27093,2","21961,15",243,7,RABOS Y COLUMNAS FRACTURADAS,,,40,"81,06%","111,4946502","90,37510288","0,9711934156",27,,15:10,,,,,1,"6,075","14,17","8,09",17,"57,41","0,00%","42,88%","0,00%"
33,14/8/2026,PPRO000099,274,ENGORDE,PP CANAL DE CERDO EVISCERADO,22254,"18225,65",182,6,RABOS Y COLUMNAS FRACTURADAS,,,40,"81,90%","122,2747253","100,1409341","0,967032967",30,7:20,13:55,,,,,1,"4,55","5,58","1,03",33,"108,81","77,29%","81,49%","60,91%"
33,14/8/2026,PPRO000209,,REPRODUCTORA,PP CANAL CERDO EVISCERADO REPRODUCTOR/A,"3137,05","2280,75",14,,,,,10,"72,70%","224,075","162,9107143",1,30,14:00,15:15,,,,,,"1,4","1,25","0,00",11,"60,82","100,00%","100,00%","100,00%"
33,15/8/2026,PPRO000099,274,ENGORDE,PP CANAL DE CERDO EVISCERADO,"28736,1","23652,35",241,9,RABOS Y COLUMNAS FRACTURADAS,,,40,"82,31%","119,2369295","98,14253112","0,9626556017",29,7:05,14:29,,,,,1,"6,025","6,40","0,38",38,"127,44","93,78%","94,14%","84,98%"
34,17/8/2026,PPRO000099,5470,MOLINOS CHAMPION S.F,PP CANAL DE CERDO EVISCERADO,"6734,3",5145,60,3,RABOS Y COLUMNAS FRACTURADAS,,,42,"76,40%","112,2383333","85,75","0,95",27,8:00,10:00,,,,,,"1,428571429","2,00","0,57",30,"95,28","60,00%","71,43%","40,71%"
34,17/8/2026,PPRO000099,274,ENGORDE,PP CANAL DE CERDO EVISCERADO,"22746,25","18627,6",210,7,RABOS Y COLUMNAS FRACTURADAS,,,40,"81,89%","108,3154762","88,70285714","0,9666666667",27,9:35,16:20,,,,,1,"5,25","5,75","0,50",37,"119,98","90,48%","91,30%","79,86%"
34,18/8/2026,PPRO000099,5470,MOLINOS CHAMPION S.F,PP CANAL DE CERDO EVISCERADO,"6919,85","5208,55",60,1,RABOS Y COLUMNAS FRACTURADAS,,,42,"75,27%","115,3308333","86,80916667","0,9833333333",34,8:00,9:58,,,,,,"1,428571429","1,97","0,54",31,"77,89","62,33%","72,64%","44,52%"
34,18/8/2026,PPRO000099,274,ENGORDE,PP CANAL DE CERDO EVISCERADO,"19313,45","15831,65",190,3,RABOS Y COLUMNAS FRACTURADAS,,,40,"81,97%","101,6497368","83,32447368","0,9842105263",34,9:35,15:05,,,,,1,"4,75","4,50","0,00",42,"103,47","100,00%","100,00%","98,42%"
34,19/8/2026,PPRO000099,5470,MOLINOS CHAMPION S.F,PP CANAL DE CERDO EVISCERADO,"6616,8","4905,65",60,0,,,,42,"74,14%","110,28","81,76083333",1,37,8:00,9:45,,,,,,"1,428571429","1,75","0,32",34,"75,76","77,50%","81,63%","63,27%"
34,19/8/2026,PPRO000099,274,ENGORDE,PP CANAL DE CERDO EVISCERADO,"12851,1",10489,123,1,RABOS Y COLUMNAS FRACTURADAS,,,40,"81,62%","104,4804878","85,27642276","0,9918699187",37,9:23,13:45,,,,,1,"3,075","3,37","0,29",37,"84,2","90,51%","91,34%","82,00%"
34,22/8/2026,PPRO000099,274,ENGORDE,PP CANAL DE CERDO EVISCERADO,"29602,05","24318,1",244,1,RABOS Y COLUMNAS FRACTURADAS,,,40,"82,15%","121,319877","99,66434426","0,9959016393",28,6:00,14:06,,,,,1,"6,1","7,10","1,00",34,"122,32","83,61%","85,92%","71,54%"
34,22/8/2026,PPRO000209,,REPRODUCTORA,PP CANAL CERDO EVISCERADO REPRODUCTOR/A,"3048,1","2324,3",13,,,,,10,"76,25%","234,4692308","178,7923077",1,28,13:35,15:40,,,,,,"1,3","2,08","0,78",6,"39,85","39,74%","62,40%","24,80%"
35,24/8/2026,PPRO000099,5470,MOLINOS CHAMPION S.F,PP CANAL DE CERDO EVISCERADO,"6761,8","5069,05",60,0,,,,42,"74,97%","112,6966667","84,48416667",1,28,7:00,9:15,,,,,,"1,428571429","2,25","0,82",27,"80,46","42,50%","63,49%","26,98%"
35,24/8/2026,PPRO000099,274,ENGORDE,PP CANAL DE CERDO EVISCERADO,"18697,2","15472,3",162,1,RABOS Y COLUMNAS FRACTURADAS,,,40,"82,75%","115,4148148","95,50802469","0,9938271605",28,8:45,15:02,,,,,1,"4,05","5,28","1,23",31,"104,59","69,55%","76,66%","52,98%"
35,25/8/2026,PPRO000099,5470,MOLINOS CHAMPION S.F,PP CANAL DE CERDO EVISCERADO,"6904,9","5153,153",60,2,RABOS Y COLUMNAS FRACTURADAS,,,42,"74,63%","115,0816667","85,88588333","0,9666666667",29,7:00,9:00,,,,,,"1,428571429","2,00","0,57",30,"88,85","60,00%","71,43%","41,43%"
35,25/8/2026,PPRO000099,274,ENGORDE,PP CANAL DE CERDO EVISCERADO,"25483,1","20665,5",230,7,RABOS Y COLUMNAS FRACTURADAS,,,40,"81,09%","110,796087","89,85","0,9695652174",29,8:25,16:00,,,,,,"5,75","7,58","1,83",30,"93,97","68,12%","75,82%","50,08%"
35,26/8/2026,PPRO000099,5470,MOLINOS CHAMPION S.F,PP CANAL DE CERDO EVISCERADO,"6872,05","5151,55",60,2,RABOS Y COLUMNAS FRACTURADAS,,,42,"74,96%","114,5341667","85,85916667","0,9666666667",29,7:00,9:25,,,,,,"1,428571429","2,42","0,99",25,"73,51","30,83%","59,11%","17,62%"
35,26/8/2026,PPRO000099,274,ENGORDE,PP CANAL DE CERDO EVISCERADO,"21037,05","17183,8",180,7,RABOS Y COLUMNAS FRACTURADAS,,,40,"81,68%","116,8725","95,46555556","0,9611111111",29,9:15,15:40,8:45,9:13,MECANICO,,1,"4,5","5,42","0,92",33,"109,39","79,63%","83,08%","63,58%"
35,27/8/2026,PPRO000099,274,ENGORDE,PP CANAL DE CERDO EVISCERADO,"23303,2","18599,8",205,5,RABOS Y COLUMNAS FRACTURADAS,,,40,"79,82%","113,6741463","90,73073171","0,9756097561",28,7:00,14:40,,,,,1,"5,125","6,67","1,54",31,"99,64","69,92%","76,88%","52,44%"
35,27/8/2026,PPRO000209,,REPRODUCTORA,PP CANAL CERDO EVISCERADO REPRODUCTOR/A,"3344,5","2534,05",14,, ,,,10,"75,77%","238,8928571","181,0035714",1,28,14:10,16:10,,,,,,"1,4","2,00","0,60",7,"45,25","57,14%","70,00%","40,00%"
35,28/8/2026,PPRO000099,274,ENGORDE,PP CANAL DE CERDO EVISCERADO,"29412,5","23975,4",240,1,RABOS Y COLUMNAS FRACTURADAS,,,40,"81,51%","122,5520833","99,8975","0,9958333333",29,7:05,15:10,,,,,1,6,"7,08","1,08",34,"116,72","81,94%","84,71%","69,12%"
36,31/8/2026,PPRO000099,274,ENGORDE,PP CANAL DE CERDO EVISCERADO,"28333,9","23279,1",240,9,RABOS Y COLUMNAS FRACTURADAS,,,40,"82,16%","118,0579167","96,99625","0,9625",27,8:30,17:20,7:50,8:30,MECANICO,,1,6,"7,83","1,83",31,"110,07","69,44%","76,60%","51,20%"
36,1/9/2026,PPRO000099,5470,MOLINOS CHAMPION S.F,PP CANAL DE CERDO EVISCERADO,"6980,15","5317,3",60,5,RABOS Y COLUMNAS FRACTURADAS,,,42,"76,18%","116,3358333","88,62166667","0,9166666667",27,8:00,10:25,,,,,,"1,428571429","2,42","0,99",25,"81,49","30,83%","59,11%","16,71%"
36,1/9/2026,PPRO000099,274,ENGORDE,PP CANAL DE CERDO EVISCERADO,"22983,95","18622,25",210,3,RABOS Y COLUMNAS FRACTURADAS,,,40,"81,02%","109,447381","88,67738095","0,9857142857",27,9:55,17:35,,,,,1,"5,25","6,67","1,42",32,"103,46","73,02%","78,75%","56,68%"
36,2/9/2026,PPRO000099,5470,MOLINOS CHAMPION S.F,PP CANAL DE CERDO EVISCERADO,"6971,75","5292,95",60,5,RABOS Y COLUMNAS FRACTURADAS,,,42,"75,92%","116,1958333","88,21583333","0,9166666667",28,8:00,10:09,,,,,,"1,428571429","2,15","0,72",28,"87,92","49,50%","66,45%","30,15%"
36,2/9/2026,PPRO000099,274,ENGORDE,PP CANAL DE CERDO EVISCERADO,"24432,75","19803,95",212,7,RABOS Y COLUMNAS FRACTURADAS,,,40,"81,05%","115,2488208","93,41485849","0,9669811321",28,9:41,17:10,,,,,1,"5,3","6,48","1,18",33,"109,09","77,67%","81,75%","61,40%"
36,3/9/2026,PPRO000099,5470,MOLINOS CHAMPION S.F,PP CANAL DE CERDO EVISCERADO,"6799,25","5147,95",60,4,RABOS Y COLUMNAS FRACTURADAS,,,42,"75,71%","113,3208333","85,79916667","0,9333333333",28,8:00,10:05,,,,,,"1,428571429","2,08","0,65",29,"88,25","54,17%","68,57%","34,67%"
36,3/9/2026,PPRO000099,274,ENGORDE,PP CANAL DE CERDO EVISCERADO,"16424,2","13036,05",183,10,RABOS Y COLUMNAS FRACTURADAS,,,40,"79,37%","89,74972678","71,2352459","0,9453551913",28,9:35,16:10,,,,,1,"4,575","5,58","1,01",33,"83,39","77,96%","81,94%","60,39%"
36,3/9/2026,PPRO000209,,REPRODUCTORA,PP CANAL CERDO EVISCERADO REPRODUCTOR/A,"2566,1","1893,5",12,,,,,10,"73,79%","213,8416667","157,7916667",1,28,15:35,18:30,,,,,,"1,2","2,92","1,72",4,"23,19","0,00%","41,14%","0,00%"
36,4/9/2026,PPRO000099,274,ENGORDE,PP CANAL DE CERDO EVISCERADO,"13367,75","10952,35",120,6,RABOS Y COLUMNAS FRACTURADAS,,,40,"81,93%","111,3979167","91,26958333","0,95",28,12:30,15:30,,,,,1,3,"2,00","0,00",60,"195,58","100,00%","100,00%","95,00%"
36,5/9/2026,PPRO000099,274,ENGORDE,PP CANAL DE CERDO EVISCERADO,"20228,95","16708,45",179,7,RABOS Y COLUMNAS FRACTURADAS,,,40,"82,60%","113,0108939","93,34329609","0,9608938547",34,7:00,11:35,,,,,1,"4,475","3,58","0,00",50,"137,14","100,00%","100,00%","96,09%"
37,8/9/2026,PPRO000099,5470,MOLINOS CHAMPION S.F,PP CANAL DE CERDO EVISCERADO,13793.55,10432.75,120,4,RABOS Y COLUMNAS FRACTURADAS,,,42,75.63%,11.494.625,8.693.958.333,966.666.667,28,8:50,12:55,,,,,,2.857.142.857,04.08,1.23,29,91.25,57.08%,69.97%,38.61%
37,08/09/2026,PPRO000099,274,ENGORDE,PP CANAL DE CERDO EVISCERADO,15473.35,12710.2,137,7,RABOS Y COLUMNAS FRACTURADAS,,,40,82.14%,1.129.441.606,9.277.518.248,948.905.109,28,13:25,17:15,,,,,1,3.425,2.83,0.00,48,160.21,100.00%,100.00%,94.89%
37,09/09/2026,PPRO000099,5470,MOLINOS CHAMPION S.F,PP CANAL DE CERDO EVISCERADO,6911.1,5211.65,60,3,RABOS Y COLUMNAS FRACTURADAS,,,42,75.41%,115.185,8.686.083.333,0.95,39,8:00,9:50,,,,,,1.428.571.429,1.83,0.40,33,72.89,71.67%,77.92%,53.05%
37,09/09/2026,PPRO000099,274,ENGORDE,PP CANAL DE CERDO EVISCERADO,18.721.053,15.123.953,180,5,RABOS Y COLUMNAS FRACTURADAS,,,40,80.79%,10.400.585,8.402.196.111,972.222.222,39,9:30,14:55,,,,,1,4.5,4.42,0.00,41,87.8,100.00%,100.00%,97.22%
37,10/09/2026,PPRO000099,5470,MOLINOS CHAMPION S.F,PP CANAL DE CERDO EVISCERADO,6558.25,5007,60,3,RABOS Y COLUMNAS FRACTURADAS,,,42,76.35%,1.093.041.667,83.45,0.95,33,11:00,13:15,,,,,,1.428.571.429,2.25,0.82,27,67.43,42.50%,63.49%,25.63%
37,10/09/2026,PPRO000099,274,ENGORDE,PP CANAL DE CERDO EVISCERADO,3528.7,2858.65,32,7,RABOS Y COLUMNAS FRACTURADAS,,,40,81.01%,110.271.875,893.328.125,78.125,33,12:47,14:16,,,,,1,0.8,0.48,0.00,66,179.23,100.00%,100.00%,78.13%
37,10/09/2026,PPRO000209,,REPRODUCTORA,PP CANAL CERDO EVISCERADO REPRODUCTOR/A,3088.6,2334,15,4,RABOS Y COLUMNAS FRACTURADAS,,,10,75.57%,2.059.066.667,155.6,733.333.333,33,13:55,15:20,,,,,,1.5,1.42,0.00,11,49.93,100.00%,100.00%,73.33%
37,11/09/2026,PPRO000099,274,ENGORDE,PP CANAL DE CERDO EVISCERADO,19025.15,15029.8,180,4,RABOS Y COLUMNAS FRACTURADAS,,,40,79.00%,1.056.952.778,8.349.888.889,977.777.778,32,7:00,13:10,,,,,1,4.5,5.17,0.67,35,90.91,85.19%,87.10%,72.54%
37,12/09/2026,PPRO000099,274,ENGORDE,PP CANAL DE CERDO EVISCERADO,16501.95,13427.5,150,7,RABOS Y COLUMNAS FRACTURADAS,,,40,81.37%,110.013,8.951.666.667,953.333.333,32,7:00,11:09,,,,,1,3.75,3.15,0.00,48,133.21,100.00%,100.00%,95.33%
38,14/09/2026,PPRO000099,5470,MOLINOS CHAMPION S.F,PP CANAL DE CERDO EVISCERADO,6811.75,5248.85,60,2,RABOS Y COLUMNAS FRACTURADAS,,,42,77.06%,1.135.291.667,8.748.083.333,966.666.667,33,7:00,9:03,,,,,,1.428.571.429,02.05,0.62,29,77.59,56.50%,69.69%,38.06%
38,14/09/2026,PPRO000099,274,ENGORDE,PP CANAL DE CERDO EVISCERADO,22115.9,17718.3,212,3,RABOS Y COLUMNAS FRACTURADAS,,,40,80.12%,104.320.283,8.357.688.679,985.849.057,33,8:35,15:20,,,,,1,5.3,5.75,0.45,37,93.38,91.51%,92.17%,83.15%
38,15/09/2026,PPRO000099,5470,MOLINOS CHAMPION S.F,PP CANAL DE CERDO EVISCERADO,6574.15,4994.95,60,2,RABOS Y COLUMNAS FRACTURADAS,,,42,75.98%,1.095.691.667,8.324.916.667,966.666.667,33,8:00,10:20,,,,,1,1.428.571.429,1.33,0.00,45,113.52,100.00%,100.00%,96.67%
38,16/09/2026,PPRO000099,5470,MOLINOS CHAMPION S.F,PP CANAL DE CERDO EVISCERADO,6912.25,5260.7,60,,,,,42,76.11%,1.152.041.667,8.767.833.333,1,33,7:00,9:00,,,,,,1.428.571.429,2.00,0.57,30,79.71,60.00%,71.43%,42.86%
38,16/09/2026,PPRO000099,274,ENGORDE,PP CANAL DE CERDO EVISCERADO,12324.1,9955.65,120,4,RABOS Y COLUMNAS FRACTURADAS,,,40,80.78%,1.027.008.333,8.296.375,966.666.667,33,8:27,11:57,,,,,1,3,2.50,0.00,48,120.67,100.00%,100.00%,96.67%
38,17/09/2026,PPRO000099,5470,MOLINOS CHAMPION S.F,PP CANAL DE CERDO EVISCERADO,6691.75,5089.6,60,,,,,42,76.06%,1.115.291.667,8.482.666.667,1,33,10:40,12:43,,,,,,1.428.571.429,02.05,0.62,29,75.23,56.50%,69.69%,39.37%
38,17/09/2026,PPRO000099,274,ENGORDE,PP CANAL DE CERDO EVISCERADO,6635.45,5367.85,62,,,,,40,80.90%,1.070.233.871,8.657.822.581,1,33,8:15,10:35,,,,,1,1.55,1.33,0.00,47,122,100.00%,100.00%,100.00%
38,17/09/2026,PPRO000209,,REPRODUCTORA,PP CANAL CERDO EVISCERADO REPRODUCTOR/A,4035.3,3152,20,,,,,10,78.11%,201.765,157.6,1,33,,,,,,,,2,0.00,0.00,#¡DIV/0!,#¡DIV/0!,100.00%,0.00%,0.00%
38,19/09/2026,PPRO000099,274,ENGORDE,PP CANAL DE CERDO EVISCERADO,25213.65,20004.6,240,4,RABOS Y COLUMNAS FRACTURADAS,,,40,79.34%,105.056.875,833.525,983.333.333,32,8:00,16:10,,,,,1,6,7.17,1.17,33,87.23,80.56%,83.72%,66.32%
39,21/09/2026,PPRO000099,274,ENGORDE,PP CANAL DE CERDO EVISCERADO,20846.95,16965.75,180,9,RABOS Y COLUMNAS FRACTURADAS,,,40,81.38%,1.158.163.889,9.425.416.667,0.95,33,8:00,14:25,,,,,1,4.5,5.42,0.92,33,94.91,79.63%,83.08%,62.85%
39,22/09/2026,PPRO000099,5470,MOLINOS CHAMPION S.F,PP CANAL DE CERDO EVISCERADO,7201.95,5514.7,60,,,,,42,76.57%,1.200.325,9.191.166.667,1,32,14:10,16:20,,,,,,1.428.571.429,2.17,0.74,28,79.54,48.33%,65.93%,31.87%
39,22/09/2026,PPRO000099,274,ENGORDE,PP CANAL DE CERDO EVISCERADO,18672.55,14964,185,,,,,40,80.14%,1.009.327.027,8.088.648.649,1,32,8:02,15:28,,,,,1,4.625,6.43,1.81,29,72.69,60.90%,71.89%,43.78%
39,23/09/2026,PPRO000099,5470,MOLINOS CHAMPION S.F,PP CANAL DE CERDO EVISCERADO,13805.2,10481.95,120,4,RABOS Y COLUMNAS FRACTURADAS,,,42,75.93%,1.150.433.333,8.734.958.333,966.666.667,31,12:05,15:38,,,,,,2.857.142.857,3.55,0.69,34,95.25,75.75%,80.48%,58.93%
39,23/09/2026,PPRO000099,274,ENGORDE,PP CANAL DE CERDO EVISCERADO,13684.7,11014.7,121,5,RABOS Y COLUMNAS FRACTURADAS,,,40,80.49%,1.130.966.942,9.103.057.851,958.677.686,31,8:05,11:05,,,,,1,3.025,2.00,0.00,61,177.66,100.00%,100.00%,95.87%
39,23/09/2026,PPRO000209,,REPRODUCTORA,PP CANAL CERDO EVISCERADO REPRODUCTOR/A,4946.4,3803.55,22,,,,,10,76.90%,2.248.363.636,1.728.886.364,,31,15:45,17:20,,,,,,2.2,1.58,0.00,14,77.49,100.00%,100.00%,0.00%
39,24/09/2026,PPRO000099,5470,MOLINOS CHAMPION S.F,PP CANAL DE CERDO EVISCERADO,6829.2,5231.5,60,3,RABOS Y COLUMNAS FRACTURADAS,,,,,113.82,8.719.166.667,,31,12:00,13:56,,,,,1,,933.333.333,,6.428.571.429,180.81,,,
39,24/09/2026,PPRO000099,274,ENGORDE,PP CANAL DE CERDO EVISCERADO,3313.9,2.609.945,30,3,RABOS Y COLUMNAS FRACTURADAS,,,,,1.104.633.333,8.699.816.667,,31,13:30,14:43,,,,,,,1.216.666.667,,2.465.753.425,69.2,,,